Feature,Coefficient,Odds_Ratio,Rank
PageValues,2.918812992156537,18.519291863159708,1
ExitRates,-0.7761689352569224,0.46016556273879433,2
Month_May,-0.6546410423389755,0.519628553764088,3
Month_Mar,-0.42587785887294805,0.65319611935874,4
Month_Feb,-0.3691116344320068,0.6913482278755344,5
TrafficType_15,-0.23647238216775804,0.7894076837298932,6
BounceRates,-0.23400920661880878,0.7913545301625436,7
TrafficType_19,-0.1752213974557725,0.8392711876928229,8
TrafficType_5,0.15806541766150403,1.1712428121674001,9
Informational,0.1462767205723182,1.1575164523520547,10
Browser_2,-0.14553664673178768,0.8645582062607032,11
TrafficType_18,-0.14387844784753287,0.8659930049757493,12
TrafficType_4,0.1395338230989776,1.149737692752199,13
TrafficType_13,-0.1302011425867617,0.8779188262961133,14
OperatingSystems_2,0.1277396707491818,1.1362571632148593,15
Browser_3,-0.10838845895606242,0.8972789726687879,16
TrafficType_2,0.10569857111465013,1.1114867917822324,17
ProductRelated_Duration,0.10554361564680978,1.1113145741697885,18
OperatingSystems_7,-0.09513393336439106,0.9092511472475001,19
Region_2,0.09414564749901015,1.098719760049226,20
VisitorType_Returning_Visitor,0.08812407620166525,1.092123620172516,21
Region_8,0.08500722387440543,1.0887249314821585,22
OperatingSystems_3,0.08361618936806431,1.087211530375167,23
ProductRelated,-0.08077316120261943,0.9224029044804469,24
Weekend,0.07429335657885161,1.0771227401952599,25
OperatingSystems_8,-0.07194738114701525,0.9305798605678336,26
TrafficType_6,0.07092496520329265,1.0735006729414995,27
Browser_6,-0.06571328832937111,0.9363993024159798,28
Month_Jul,0.06487868746291015,1.0670295724676953,29
Month_June,-0.06427429388678042,0.9377477457767677,30
Region_6,0.06421142062943953,1.0663178165156342,31
Browser_12,-0.06331609008909864,0.938646729864238,32
TrafficType_8,0.06031629534740451,1.0621724536248587,33
TrafficType_16,0.05890742023023962,1.060677038958423,34
SpecialDay,0.0580795290473369,1.0597992771857132,35
OperatingSystems_6,-0.05655548606751691,0.945014047927143,36
Browser_8,0.05624942524337936,1.057861508197147,37
Browser_5,-0.05514882564923554,0.9463442971682127,38
TrafficType_10,0.053598001962919424,1.0550603846898519,39
Month_Sep,0.05094658820349958,1.0522666883279923,40
Region_7,0.0481188877430398,1.0492953962706835,41
Browser_9,-0.048116197044518236,0.9530230421826552,42
OperatingSystems_4,0.045425767772171,1.046473319684738,43
TrafficType_12,-0.04354744620909267,0.957387128623455,44
VisitorType_Other,-0.043128954369407224,0.9577878711720984,45
Browser_13,-0.043128954369407224,0.9577878711720984,46
Administrative,0.0413355092057388,1.0422017151632514,47
TrafficType_20,0.04026685890882761,1.0410885608831633,48
TrafficType_17,-0.03755271226691209,0.963143646897721,49
TrafficType_7,0.030366981651273287,1.0308327612569446,50
TrafficType_9,-0.026602610984284097,0.9737481214558684,51
TrafficType_11,0.02560411172073924,1.0259347125387444,52
Browser_4,-0.02422620972581788,0.9760648894119817,53
Browser_10,-0.022368413470618263,0.9778799045504971,54
Region_9,-0.018201126150590885,0.9819635139543261,55
Region_3,-0.017318098406208064,0.9828309979309615,56
Administrative_Duration,0.016044616546198202,1.016174022569917,57
TrafficType_14,0.012927568994471297,1.0130114912615646,58
Browser_11,-0.012222638231654261,0.9878517548094758,59
OperatingSystems_5,-0.012222638231654261,0.9878517548094758,60
Browser_7,0.011805744713650089,1.0118757075678937,61
Region_5,0.009033901578196096,1.0090748304232702,62
Informational_Duration,-0.008557156611108872,0.9914793516436904,63
Region_4,0.006897174238701043,1.0069210145236227,64
TrafficType_3,0.004110858529044484,1.0041193196982177,65
Month_Nov,0.0,1.0,66
Month_Oct,0.0,1.0,67
Month_Dec,0.0,1.0,68
