Feature,Coefficient,Odds_Ratio,Rank,Held_out_month
PageValues,2.30224506431044,9.996600291195955,1,Feb
ExitRates,-0.5696753418667363,0.5657090709400157,2,Feb
Month_May,-0.3859504847798337,0.6798041855008925,3,Feb
Month_Mar,-0.2819364118635065,0.7543216489160612,4,Feb
Month_Dec,-0.23833834126869102,0.7879360547048707,5,Feb
Month_Nov,0.22839867899428648,1.2565862001040964,6,Feb
TrafficType_15,-0.22767810192921334,0.7963805719497755,7,Feb
ProductRelated_Duration,0.15100811171762824,1.1630060920205758,8,Feb
TrafficType_13,-0.13752532702529996,0.8715122769041498,9,Feb
TrafficType_2,0.1309594723800658,1.139921582067191,10,Feb
TrafficType_8,0.12085309433390612,1.1284591231508083,11,Feb
TrafficType_18,-0.11098290268314503,0.8949540501111914,12,Feb
Browser_3,-0.0981343229494547,0.9065271281778592,13,Feb
ProductRelated,0.09500567979298188,1.0996651009784884,14,Feb
TrafficType_20,0.09041698373324557,1.0946306317210883,15,Feb
OperatingSystems_2,0.09009411692777945,1.0942772688734959,16,Feb
Browser_2,-0.08769186517671364,0.9160430980181188,17,Feb
TrafficType_19,-0.08437520660068762,0.9190863441296288,18,Feb
Browser_6,-0.08426009996855013,0.9191921431523128,19,Feb
Informational,0.08369000743047768,1.0872917891860112,20,Feb
BounceRates,-0.08339374918709982,0.9199888310395923,21,Feb
TrafficType_11,0.07804856493653257,1.0811751645983485,22,Feb
TrafficType_5,0.0729117962814559,1.075635657665609,23,Feb
Administrative,0.07153083090030965,1.0741512672414426,24,Feb
Region_9,-0.0653086379006855,0.9367782934693981,25,Feb
TrafficType_10,0.06373075584099341,1.065805398248517,26,Feb
Month_June,-0.055990412636008076,0.9455482011617166,27,Feb
TrafficType_3,-0.055521708137939114,0.945991487733832,28,Feb
Region_5,-0.05541377731132069,0.9460935948872328,29,Feb
OperatingSystems_8,0.0502833207127756,1.0515689854494494,30,Feb
VisitorType_Other,-0.049881679336031715,0.9513419812565709,31,Feb
TrafficType_4,0.04963651924106468,1.0508890489977083,32,Feb
Browser_12,0.049309646501231666,1.0505455981504197,33,Feb
OperatingSystems_6,-0.04838194044996505,0.9527698162420084,34,Feb
VisitorType_Returning_Visitor,-0.046548512444788526,0.9545182534326739,35,Feb
Region_2,0.04473047873603825,1.0457459711469892,36,Feb
TrafficType_16,0.04069109234922278,1.0415303191627947,37,Feb
Browser_9,-0.033615082799256055,0.9669436262488006,38,Feb
OperatingSystems_3,0.03359600483035095,1.0341667239613996,39,Feb
TrafficType_12,-0.033454514262967944,0.9670988994372012,40,Feb
Month_Jul,0.033366785893710116,1.033929700530791,41,Feb
Month_Oct,-0.031606616857614164,0.9688876511900452,42,Feb
Month_Sep,0.03064308612351261,1.0311174180881622,43,Feb
TrafficType_17,-0.02864456006190954,0.9717618060450537,44,Feb
Weekend,0.0284713008678455,1.0288804824338695,45,Feb
Browser_13,-0.027759383041204903,0.9726223680840439,46,Feb
Administrative_Duration,-0.027145106250439976,0.9732200109712215,47,Feb
OperatingSystems_7,0.02535528798747315,1.0256794673903256,48,Feb
Region_8,0.02058714043398513,1.0208005173677002,49,Feb
Region_4,-0.019177399721751618,0.9810053167352245,50,Feb
SpecialDay,-0.01597749627945929,0.9841494668306636,51,Feb
Region_6,0.014075743175299188,1.0141752728848676,52,Feb
TrafficType_7,0.013661500225018339,1.0137552449305418,53,Feb
OperatingSystems_4,-0.01226053703918288,0.98781431711538,54,Feb
Browser_8,0.01084200988446774,1.0109009974621868,55,Feb
Informational_Duration,-0.010566930559143775,0.989488703319364,56,Feb
Browser_11,-0.00979308797196489,0.9902547081628842,57,Feb
OperatingSystems_5,-0.00979308797196489,0.9902547081628842,58,Feb
TrafficType_9,-0.006355884227665493,0.9936642716790142,59,Feb
Browser_7,-0.005437822639763397,0.9945769355548347,60,Feb
Region_7,0.00395427068291218,1.0039620991264229,61,Feb
TrafficType_14,0.0036336424759097585,1.003640252158047,62,Feb
Browser_10,0.0031380965199787813,1.0031430254993856,63,Feb
Region_3,-0.002779377863434752,0.9972244810312824,64,Feb
Browser_5,-0.002586146622564935,0.9974171945737167,65,Feb
Browser_4,-0.001422230523907722,0.9985787803666273,66,Feb
TrafficType_6,0.00010917937401541856,1.0001091853343003,67,Feb
Month_Feb,0.0,1.0,68,Feb
PageValues,2.1649431890461517,8.714106846066791,1,Mar
ExitRates,-0.516504891145259,0.596602097503854,2,Mar
Month_May,-0.3719007563962758,0.6894226599184313,3,Mar
TrafficType_15,-0.2522943014027532,0.77701602750882,4,Mar
Month_Dec,-0.249283032437087,0.7793593581870304,5,Mar
Month_Nov,0.24005738665051685,1.2713221051454104,6,Mar
Month_Feb,-0.22073255538775505,0.8019311237714845,7,Mar
TrafficType_13,-0.14399613950950277,0.8658910908170804,8,Mar
OperatingSystems_2,0.14275998151913655,1.1534529184215647,9,Mar
BounceRates,-0.14184265732022505,0.8677577810797303,10,Mar
Browser_3,-0.13114054453490978,0.8770944948902601,11,Mar
ProductRelated_Duration,0.13038894070506343,1.1392714061882059,12,Mar
TrafficType_18,-0.12876294208094918,0.8791823579843183,13,Mar
ProductRelated,0.12552876869503302,1.1337477849356339,14,Mar
Browser_2,-0.1169521002982223,0.8896278050494099,15,Mar
TrafficType_8,0.10864382135512603,1.1147652240548385,16,Mar
TrafficType_2,0.09416747746874549,1.0987437453301334,17,Mar
TrafficType_20,0.08964598816486177,1.0937870016143414,18,Mar
VisitorType_Returning_Visitor,-0.0871623660313912,0.9165282704934677,19,Mar
TrafficType_19,-0.08294775221101813,0.9203992347888775,20,Mar
OperatingSystems_3,0.07806160349107097,1.0811892616516001,21,Mar
TrafficType_11,0.07241350854539035,1.0750998151218905,22,Mar
Browser_6,-0.07216378246416526,0.9303785036480305,23,Mar
Region_9,-0.07022714900167693,0.9321820516329733,24,Mar
TrafficType_3,-0.06534193125053986,0.9367471055011165,25,Mar
TrafficType_5,0.06094434242565736,1.0628397574581354,26,Mar
VisitorType_Other,-0.06088511469402798,0.9409313327508053,27,Mar
Month_June,-0.058258380459448346,0.9434061582263618,28,Mar
Administrative,0.05791406373530147,1.0596239316748188,29,Mar
OperatingSystems_8,0.054271086666766034,1.055770768743922,30,Mar
TrafficType_10,0.05231988831731656,1.0537127590080853,31,Mar
Informational,0.05152207726966116,1.052872430584116,32,Mar
Browser_12,0.049821049248711516,1.051082987455138,33,Mar
TrafficType_4,0.04497932010253374,1.0460062283834968,34,Mar
Region_5,-0.04378639870275575,0.9571583859120786,35,Mar
OperatingSystems_6,-0.042516399210618054,0.9583747488027198,36,Mar
TrafficType_16,0.04101707740202683,1.041869897824661,37,Mar
Browser_4,-0.03459466898650273,0.9659968854115114,38,Mar
TrafficType_17,-0.03373372053702589,0.966828917048986,39,Mar
OperatingSystems_7,0.0336745467902439,1.0342479526326436,40,Mar
Month_Jul,0.03252712754995417,1.0330619172026236,41,Mar
Month_Sep,0.0304538765565408,1.0309223392639604,42,Mar
Browser_13,-0.02907526340226062,0.971343355109741,43,Mar
Month_Oct,-0.02904908597317866,0.9713687827143469,44,Mar
Region_2,0.029000864410375162,1.0294254843208153,45,Mar
Region_8,0.028446248165291232,1.0288547065200588,46,Mar
Administrative_Duration,-0.028004330881518977,0.9723841555115591,47,Mar
TrafficType_6,-0.025258539991077505,0.9750577880058547,48,Mar
Region_4,-0.021928061313112396,0.978310610900523,49,Mar
Weekend,0.021306316786755698,1.0215349170104617,50,Mar
SpecialDay,-0.019795975958016573,0.9803986778041993,51,Mar
Browser_7,-0.017388010079394084,0.9827622889732441,52,Mar
Region_6,0.01728122500193559,1.0174314092459924,53,Mar
Region_7,-0.01605419813438541,0.9840739836359207,54,Mar
Browser_5,-0.010734728908923066,0.9893226826772062,55,Mar
Browser_11,-0.009628072613468028,0.9904181288816484,56,Mar
OperatingSystems_5,-0.009628072613468028,0.9904181288816484,57,Mar
OperatingSystems_4,-0.007170373569973045,0.99285527222534,58,Mar
Informational_Duration,-0.005779904987452166,0.9942367665279899,59,Mar
TrafficType_14,0.004142918377001241,1.004151512126977,60,Mar
Browser_8,0.0024313139563501593,1.00243427199695,61,Mar
Browser_10,0.00158559494064814,1.0015868526609633,62,Mar
TrafficType_7,0.000560895511615297,1.000561052842917,63,Mar
Region_3,0.0005057766186171525,1.0005059045451776,64,Mar
Browser_9,0.0,1.0,65,Mar
Month_Mar,0.0,1.0,66,Mar
TrafficType_12,0.0,1.0,67,Mar
TrafficType_9,0.0,1.0,68,Mar
PageValues,1.9603640866043188,7.1019123056378906,1,May
ExitRates,-0.4654687248117833,0.6278407516714742,2,May
Month_Feb,-0.38334160839368187,0.6815800260546637,3,May
Month_Mar,-0.3156003476666503,0.7293508787092033,4,May
Month_Dec,-0.28213875760329554,0.7541690305853276,5,May
Month_Nov,0.21099427128195847,1.23490528061697,6,May
OperatingSystems_6,-0.16578893157708804,0.8472250377714148,7,May
TrafficType_15,-0.15746989133407424,0.8543025351308869,8,May
TrafficType_2,0.15621484782867587,1.1690773498399032,9,May
ProductRelated_Duration,0.15381634670870625,1.1662766765586265,10,May
TrafficType_13,-0.1515529682467581,0.8593723616200556,11,May
TrafficType_8,0.14091112446244944,1.1513223190475426,12,May
SpecialDay,0.1279876229261369,1.1365389355836517,13,May
BounceRates,-0.12055447322072121,0.886428799398547,14,May
ProductRelated,0.11603708555350888,1.1230375198290201,15,May
Administrative,0.10383692984019452,1.1094195269444567,16,May
Region_5,-0.09847299379322401,0.9062201658529883,17,May
Region_9,-0.09383123500153948,0.9104363990736304,18,May
TrafficType_20,0.09271371996345354,1.0971475988500392,19,May
TrafficType_11,0.09231245287348887,1.0967074379427362,20,May
TrafficType_16,0.08935282694980123,1.0934663926852783,21,May
TrafficType_3,-0.08728402752591455,0.9164167710770369,22,May
TrafficType_10,0.0762743483130551,1.0792586263282034,23,May
TrafficType_5,0.07425083784362277,1.077076943272281,24,May
Informational,0.06972164404852323,1.0722096837651605,25,May
Month_June,-0.06854031007815094,0.9337558195748206,26,May
TrafficType_14,-0.06737305145746841,0.9348463904701467,27,May
Browser_3,-0.059459573228871264,0.9422736259014654,28,May
Browser_12,0.05911806365577517,1.0609004871364147,29,May
Browser_4,0.05620776220335213,1.0578174353888978,30,May
OperatingSystems_3,-0.05607304063802918,0.9454700756307627,31,May
VisitorType_Other,-0.056041679077526954,0.9454997275127048,32,May
Browser_6,-0.047588534722654896,0.9535260492311453,33,May
OperatingSystems_8,0.04546918218099699,1.0465187526914808,34,May
OperatingSystems_4,-0.04375207763786644,0.9571912371708927,35,May
Month_Jul,0.041706395802541145,1.0425883255004342,36,May
VisitorType_Returning_Visitor,-0.036669600673348124,0.9639945859003102,37,May
TrafficType_12,-0.03626143271238078,0.9643881379170189,38,May
Browser_9,-0.033721096374771,0.9668411225311494,39,May
TrafficType_6,0.03308370727536537,1.0336370585619956,40,May
Month_Oct,-0.032122799539395806,0.9683876572191249,41,May
TrafficType_7,0.03179715549163769,1.0323080860398712,42,May
Region_2,0.03168120096816627,1.0321883921873347,43,May
Month_Sep,0.03126740667659254,1.0317613668792296,44,May
Region_6,-0.030966114044954,0.9695084252383237,45,May
Browser_5,0.03024985002603832,1.0307120252114157,46,May
Region_4,-0.028450745446354116,0.9719501659387644,47,May
Browser_10,0.02709132278632646,1.0274616291379977,48,May
Weekend,0.026716490577802093,1.0270765755961169,49,May
OperatingSystems_7,0.024435236354342783,1.0247362233044532,50,May
TrafficType_4,-0.019433995204816566,0.9807536274946296,51,May
Browser_7,-0.018994232893741022,0.981185020824764,52,May
Browser_2,-0.016511060011035254,0.9836245004326825,53,May
Region_3,-0.014717499057617893,0.9853902739673615,54,May
Administrative_Duration,-0.012727712376509529,0.9873529424083991,55,May
Browser_8,-0.011785469744470686,0.9882837068777243,56,May
Browser_13,-0.009982649114295332,0.990067012139705,57,May
OperatingSystems_5,-0.007162217608434339,0.9928633699477761,58,May
Browser_11,-0.007162217608434339,0.9928633699477761,59,May
Informational_Duration,-0.006530698849777675,0.9934905798172352,60,May
TrafficType_9,-0.005977036465633848,0.9940407904817001,61,May
OperatingSystems_2,0.005797370754640619,1.005814208030058,62,May
Region_7,0.00409033356109852,1.0040987103928702,63,May
Region_8,-0.0029196532009008553,0.9970846048414955,64,May
Month_May,0.0,1.0,65,May
TrafficType_17,0.0,1.0,66,May
TrafficType_18,0.0,1.0,67,May
TrafficType_19,0.0,1.0,68,May
PageValues,2.322044026354378,10.196494924225501,1,June
ExitRates,-0.5881995515496767,0.5553262214324468,2,June
Month_May,-0.3922981026099759,0.675502714820979,3,June
Month_Mar,-0.28018556699204905,0.7556435059521267,4,June
Month_Dec,-0.2364645649726262,0.7894138547079154,5,June
Month_Nov,0.23039358616448066,1.2590954749776992,6,June
TrafficType_15,-0.224433147730317,0.7989689878048163,7,June
Month_Feb,-0.21417652965744782,0.807205876667678,8,June
ProductRelated_Duration,0.15212240345236244,1.1643027423855872,9,June
TrafficType_2,0.1337024623346567,1.1430526678210187,10,June
TrafficType_13,-0.13329023184412214,0.8752110411292493,11,June
Browser_3,-0.12321778030802169,0.8840711083160384,12,June
TrafficType_8,0.12234391283620996,1.1301427055367617,13,June
TrafficType_18,-0.11077340037701697,0.8951415646902509,14,June
ProductRelated,0.1045983507121825,1.1102645838092031,15,June
Browser_2,-0.10086962858346936,0.9040508875980863,16,June
OperatingSystems_2,0.0948083813060108,1.0994481601196457,17,June
TrafficType_20,0.09250489186549968,1.096918507524982,18,June
Informational,0.08933576825030057,1.0934477397297695,19,June
TrafficType_19,-0.084432862637496,0.9190333547811341,20,June
TrafficType_11,0.0806730825505975,1.0840164547388145,21,June
Administrative,0.07318798245133137,1.075932774385957,22,June
Browser_6,-0.07219195931470208,0.930352288881317,23,June
TrafficType_5,0.07203492420467571,1.0746928762023917,24,June
Region_5,-0.06790859702880975,0.934345871663124,25,June
TrafficType_10,0.06538036726928793,1.0675650139558712,26,June
Region_9,-0.061806538610517346,0.9400647354300965,27,June
TrafficType_4,0.060370673612670525,1.0622302142907485,28,June
TrafficType_3,-0.055220477348396954,0.9462764924205206,29,June
TrafficType_16,-0.054736641946460496,0.9467344452655395,30,June
Region_2,0.05386189887901267,1.055338848612933,31,June
VisitorType_Returning_Visitor,-0.05310373253295828,0.9482816397237123,32,June
OperatingSystems_8,0.051643621157809926,1.0530004085703673,33,June
BounceRates,-0.050621907380695545,0.9506380318156811,34,June
VisitorType_Other,-0.05060584169686655,0.9506533045884196,35,June
Browser_12,0.04862157081886425,1.0498229919035171,36,June
OperatingSystems_6,-0.047777251967278195,0.9533461194009226,37,June
OperatingSystems_3,0.041898616911131434,1.042788752246674,38,June
Browser_9,-0.03403400817836474,0.9665386338603155,39,June
TrafficType_12,-0.03343133981491665,0.9671213116801013,40,June
Month_Jul,0.03334291881896336,1.0339050239478258,41,June
Month_Sep,0.032015536579294464,1.0325335472198305,42,June
Month_Oct,-0.03129788507928181,0.9691868237772675,43,June
Browser_13,-0.028958345010523436,0.9714569296519922,44,June
TrafficType_17,-0.028953506768718006,0.9714616298068915,45,June
Administrative_Duration,-0.02781819705934791,0.9725651659366016,46,June
Region_4,-0.02695254551613838,0.9734074329756514,47,June
Weekend,0.026054458510960797,1.0263968429951864,48,June
OperatingSystems_7,0.024843474617824043,1.025154645242893,49,June
Region_6,0.01794537454277257,1.0181073602907176,50,June
OperatingSystems_4,-0.01757455588645769,0.9825789758875713,51,June
Informational_Duration,-0.017021780269567913,0.9831222717336245,52,June
Region_8,0.011383631694443671,1.0114486717929314,53,June
Browser_11,-0.009772553183803472,0.9902750430423277,54,June
OperatingSystems_5,-0.009772553183803472,0.9902750430423277,55,June
Browser_8,0.009644955279254817,1.0096916177589461,56,June
Region_7,0.00853230291797575,1.008568806761273,57,June
SpecialDay,-0.0069174446283071745,0.9931064258192388,58,June
Browser_7,-0.006618744182118491,0.9934031114596045,59,June
TrafficType_7,-0.006586720602737134,0.9934349242923797,60,June
TrafficType_9,-0.0063325519417742025,0.9936874564083563,61,June
Browser_4,-0.0057795198396949484,0.9942371494561244,62,June
TrafficType_14,0.004186650560896645,1.0041954268258,63,June
Browser_5,-0.004061822709568836,0.9959464153346936,64,June
Browser_10,0.003534355157523406,1.0035406083555505,65,June
TrafficType_6,0.001782471473390342,1.0017840610199673,66,June
Region_3,0.0003603305379706397,1.000360395464817,67,June
Month_June,0.0,1.0,68,June
PageValues,2.348171292128847,10.46641220293273,1,Jul
ExitRates,-0.5473377260308618,0.5784878552821808,2,Jul
Month_May,-0.39502908787568425,0.6736604436126341,3,Jul
Month_Mar,-0.2916550187741279,0.7470262015406761,4,Jul
Month_Dec,-0.24593872435760106,0.781970139180089,5,Jul
Month_Nov,0.22109317173137993,1.247439651261839,6,Jul
Month_Feb,-0.21646662689255902,0.8053594118203656,7,Jul
TrafficType_15,-0.2149223061705648,0.8066041059047511,8,Jul
ProductRelated_Duration,0.14870635193460013,1.1603322098682882,9,Jul
TrafficType_2,0.14363020105505137,1.1544571125562386,10,Jul
TrafficType_8,0.1261918897607205,1.1344998463013098,11,Jul
BounceRates,-0.12312934784243926,0.8841492923608499,12,Jul
TrafficType_13,-0.11613194258980912,0.8903577394410824,13,Jul
ProductRelated,0.10848416339344061,1.1145872571187052,14,Jul
TrafficType_18,-0.10641829784684587,0.8990484993588177,15,Jul
TrafficType_20,0.09620879142180788,1.1009889170388552,16,Jul
TrafficType_19,-0.0883463702214416,0.9154437393523088,17,Jul
Browser_3,-0.08817384605984048,0.9156016891406191,18,Jul
TrafficType_11,0.08165670779018716,1.0850832452588548,19,Jul
TrafficType_5,0.08040150003884305,1.0837220948005681,20,Jul
Browser_2,-0.0753032807913984,0.9274621622120611,21,Jul
Informational,0.0721742750790695,1.0748426460294311,22,Jul
OperatingSystems_2,0.06881450429939966,1.0712374807702814,23,Jul
TrafficType_10,0.06881432779926187,1.071237291696735,24,Jul
Administrative,0.06630320040972665,1.068550653050584,25,Jul
Browser_6,-0.06312845235141541,0.9388228719380468,26,Jul
OperatingSystems_5,-0.060304308562885864,0.9414779901734748,27,Jul
Browser_11,-0.060304308562885864,0.9414779901734748,28,Jul
Month_June,-0.059393587790621295,0.9423358042910334,29,Jul
Region_9,-0.0590655712280708,0.9426449567431155,30,Jul
Browser_12,0.05393122949312134,1.0554120184398252,31,Jul
Region_2,0.05163620452393223,1.0529925988808246,32,Jul
OperatingSystems_6,-0.051534791387544555,0.9497706055501562,33,Jul
VisitorType_Other,-0.05097781421524852,0.9502997534443349,34,Jul
OperatingSystems_8,0.048509096616290694,1.049704920539775,35,Jul
Region_5,-0.04656932281018859,0.9544983897657248,36,Jul
VisitorType_Returning_Visitor,-0.04616421314406419,0.9548851446234954,37,Jul
TrafficType_3,-0.04350836168313675,0.9574245483767955,38,Jul
TrafficType_16,0.041550355513467335,1.0424256524088464,39,Jul
Month_Oct,-0.03662425502291727,0.964038299852931,40,Jul
TrafficType_12,-0.03234192215970852,0.968175484824931,41,Jul
Browser_9,-0.03230730134929351,0.9682090044250741,42,Jul
Browser_13,-0.029941344608815302,0.9705024570803216,43,Jul
Month_Sep,0.029764252373044114,1.0302116353749582,44,Jul
TrafficType_4,0.028766907254476493,1.0291846710333883,45,Jul
TrafficType_17,-0.027580901595118966,0.9727959786234642,46,Jul
Weekend,0.027441923956946144,1.0278219215437192,47,Jul
OperatingSystems_7,0.025103096664413193,1.0254208325425118,48,Jul
Region_6,0.019480339245640688,1.0196713191562494,49,Jul
OperatingSystems_4,-0.016613906952305323,0.9835233428634171,50,Jul
TrafficType_7,0.01643936404741843,1.0165752339095082,51,Jul
Region_4,-0.01504526939279517,0.9850673451931101,52,Jul
Region_7,0.015031586579345358,1.0151451290714795,53,Jul
Browser_8,0.014228327821115107,1.0143300322663287,54,Jul
Administrative_Duration,-0.013705220708693712,0.9863882682457182,55,Jul
Region_8,0.012426979274084985,1.0125045150265388,56,Jul
Informational_Duration,-0.009797165308272718,0.9902506705696399,57,Jul
TrafficType_6,-0.009349893073370336,0.9906936812659859,58,Jul
Browser_4,0.0068823302049650405,1.0069060678650483,59,Jul
TrafficType_14,0.0065298263197871445,1.0065511921153316,60,Jul
Browser_5,0.004579952766081729,1.0045904567795911,61,Jul
TrafficType_9,-0.004184049686660624,0.9958246912541366,62,Jul
SpecialDay,-0.00397013041387119,0.9960377401347339,63,Jul
Region_3,0.003167856196197992,1.0031728791552414,64,Jul
Browser_7,-0.0029689437039239377,0.9970354592509817,65,Jul
OperatingSystems_3,0.0009443387371685933,1.0009447847653834,66,Jul
Browser_10,-0.0008026449518098893,0.9991976770814842,67,Jul
Month_Jul,0.0,1.0,68,Jul
PageValues,2.3164562157712987,10.139677731669028,1,Aug
ExitRates,-0.5743975157382499,0.5630439917822916,2,Aug
Month_Nov,0.3887150235474755,1.475084127188668,3,Aug
TrafficType_15,-0.23274073116543925,0.7923589808848276,4,Aug
Month_May,-0.2269485414199956,0.7969617917571077,5,Aug
Month_Feb,-0.17013618764934083,0.8435499276915823,6,Aug
Month_Mar,-0.15081056362609882,0.8600106005186284,7,Aug
ProductRelated_Duration,0.14721177307421193,1.158599297186299,8,Aug
TrafficType_13,-0.1332710932628389,0.8752277915871894,9,Aug
TrafficType_2,0.1258376012486321,1.1340979772318,10,Aug
TrafficType_8,0.12061510928047706,1.1281905986997631,11,Aug
OperatingSystems_2,0.11742592022263057,1.1245983168649205,12,Aug
TrafficType_18,-0.11304455564463053,0.8931108660991325,13,Aug
Month_Dec,-0.11188467148028718,0.8941473722470538,14,Aug
Browser_2,-0.11185606561587405,0.8941729504713914,15,Aug
Month_Sep,0.10562232468338358,1.1114020481117015,16,Aug
ProductRelated,0.10506774121765562,1.110785853793426,17,Aug
Month_Jul,0.10449150001779958,1.1101459576052333,18,Aug
Browser_3,-0.10351588754755293,0.901661697434964,19,Aug
TrafficType_20,0.09149811124751728,1.0958147069678383,20,Aug
Administrative,0.0891864755368012,1.0932845081345826,21,Aug
TrafficType_19,-0.0873010445100034,0.916401176560111,22,Aug
BounceRates,-0.08350087353916304,0.9198902831106975,23,Aug
TrafficType_11,0.08137657461135896,1.0847793200118274,24,Aug
Informational,0.07558884027470225,1.0785190393897517,25,Aug
Browser_6,-0.07362692160735732,0.929018225821896,26,Aug
TrafficType_3,-0.06403703380398065,0.9379702622806743,27,Aug
Region_9,-0.06392080709768337,0.9380792858104641,28,Aug
TrafficType_10,0.06331434412028995,1.065361676780519,29,Aug
OperatingSystems_3,0.05674325235209025,1.058384037896203,30,Aug
OperatingSystems_8,0.054533367502183454,1.0560477135002209,31,Aug
VisitorType_Returning_Visitor,-0.051929393919298475,0.9493958975998359,32,Aug
Region_5,-0.05155509977705613,0.9497513174346081,33,Aug
Browser_12,0.048424486020866644,1.0496161081387168,34,Aug
VisitorType_Other,-0.0482794723045168,0.9528674498001972,35,Aug
TrafficType_5,0.046083456163397256,1.0471617994165692,36,Aug
OperatingSystems_6,-0.04594516310484578,0.9550943351626356,37,Aug
Month_Oct,0.044719689396550556,1.045734688299556,38,Aug
TrafficType_4,0.04428929146712834,1.0452847030982826,39,Aug
TrafficType_16,0.041162010939519246,1.0420209106577072,40,Aug
Region_4,-0.03662001226982317,0.9640423900380873,41,Aug
Region_2,0.036264133274498664,1.036929697959236,42,Aug
Browser_13,-0.03531335831918769,0.9653028831704349,43,Aug
Browser_9,-0.03438299563577803,0.9662013828516017,44,Aug
TrafficType_12,-0.033879952664499155,0.9666875459362945,45,Aug
Weekend,0.03387057860015541,1.0344507180042775,46,Aug
TrafficType_17,-0.029982965596179512,0.9704620646504107,47,Aug
Administrative_Duration,-0.02664864060724628,0.9737033012285147,48,Aug
OperatingSystems_7,0.024656782038108335,1.0249632743418844,49,Aug
Browser_5,-0.019589400620121482,0.980601224912237,50,Aug
Region_6,0.018144210391623544,1.0183098166590474,51,Aug
Browser_4,-0.01626241874624266,0.9838691004801234,52,Aug
Region_7,0.013312764419442381,1.0134017738161434,53,Aug
TrafficType_7,0.012973185791192528,1.0130577026548377,54,Aug
Region_8,0.011243932305001328,1.0113073829002455,55,Aug
Informational_Duration,-0.01081873850665342,0.9892395735676393,56,Aug
OperatingSystems_5,-0.010101534734439262,0.9899493144054055,57,Aug
Browser_11,-0.010101534734439262,0.9899493144054055,58,Aug
Browser_10,-0.00796498128839021,0.9920666551248706,59,Aug
TrafficType_9,-0.007178540310264281,0.9928471638672944,60,Aug
OperatingSystems_4,-0.004926969117813886,0.9950851484853429,61,Aug
SpecialDay,-0.004150071460897512,0.9958585281851727,62,Aug
TrafficType_6,-0.004099185687280167,0.9959092045061338,63,Aug
Browser_7,-0.004030005104096428,0.995978104468942,64,Aug
Browser_8,0.003647159012616147,1.0036538179900365,65,Aug
TrafficType_14,0.0033291602845631784,1.00333470809347,66,Aug
Region_3,-0.0010876829782005284,0.9989129083345236,67,Aug
Month_June,0.000915606217201305,1.0009160255125338,68,Aug
PageValues,2.331038511211492,10.288620834884114,1,Sep
ExitRates,-0.6827762385981283,0.5052124532868418,2,Sep
Month_May,-0.4044822049948199,0.6673222575472747,3,Sep
Month_Mar,-0.29001041793748633,0.7482557722561005,4,Sep
Month_Dec,-0.24567216922446047,0.7821786051172486,5,Sep
TrafficType_15,-0.2338339186256312,0.7914932572682706,6,Sep
Month_Nov,0.228807886419666,1.2571005097302907,7,Sep
Month_Feb,-0.21848676483203985,0.8037341169302943,8,Sep
ProductRelated_Duration,0.16401254241942884,1.1782290928435133,9,Sep
TrafficType_13,-0.14263334721325135,0.8670719249581199,10,Sep
TrafficType_2,0.1348825865077433,1.1444024081793898,11,Sep
TrafficType_8,0.12452195560641231,1.132606887258298,12,Sep
TrafficType_18,-0.1137784324964978,0.8924556731532254,13,Sep
Browser_3,-0.09978901684825017,0.9050283436265711,14,Sep
OperatingSystems_2,0.09616535714924263,1.1009410974246538,15,Sep
ProductRelated,0.0941601066330419,1.0987356467003533,16,Sep
TrafficType_20,0.0910857919700832,1.0953629745750464,17,Sep
TrafficType_19,-0.0880962662634737,0.9156727240886186,18,Sep
Browser_2,-0.08477646681806464,0.9187176253244362,19,Sep
TrafficType_11,0.07786793175548933,1.080979886126519,20,Sep
Administrative,0.0758867507641301,1.0788403893890248,21,Sep
Informational,0.07540625575348466,1.078322136483579,22,Sep
Browser_6,-0.07514344071958495,0.9276104196790999,23,Sep
Region_9,-0.07309045680534894,0.9295167451075428,24,Sep
TrafficType_10,0.06444705267567614,1.0665691047692982,25,Sep
TrafficType_4,0.06380652726778625,1.0658861589038622,26,Sep
Region_5,-0.0629330675911826,0.9390063215408262,27,Sep
TrafficType_3,-0.06190444380220224,0.9399727027172917,28,Sep
Month_June,-0.056627041894211576,0.9449464290849955,29,Sep
OperatingSystems_8,0.05339313409114005,1.0548442588536178,30,Sep
Browser_12,0.05104134289067262,1.052366400252879,31,Sep
OperatingSystems_3,0.04943681935148889,1.050679207524024,32,Sep
VisitorType_Other,-0.04850078510573572,0.9526565913693873,33,Sep
TrafficType_5,0.04777382714398403,1.048933388233607,34,Sep
VisitorType_Returning_Visitor,-0.04628744357499266,0.9547674809656567,35,Sep
Region_2,0.04171125361933974,1.0425933902158178,36,Sep
TrafficType_16,0.04134038256237037,1.0422067941962674,37,Sep
OperatingSystems_6,-0.04006552760916814,0.9607264829801678,38,Sep
Month_Oct,-0.03477600771702031,0.9658217286444598,39,Sep
Browser_9,-0.03434804143969824,0.9662351562344478,40,Sep
TrafficType_12,-0.033530415578493435,0.9670254981441532,41,Sep
Month_Jul,0.03289613013119183,1.0334431900576573,42,Sep
Region_8,0.03174509646720029,1.0322543464868197,43,Sep
TrafficType_6,-0.029721785954551078,0.9707155626874924,44,Sep
TrafficType_17,-0.029105779876550865,0.9713137135874975,45,Sep
OperatingSystems_7,0.026380131909892655,1.0267311675810549,46,Sep
Browser_13,-0.024903157100497727,0.9754043684417695,47,Sep
Browser_8,0.022834427915159827,1.0230971291981168,48,Sep
Weekend,0.020985518015835817,1.0212072624230375,49,Sep
TrafficType_7,0.0185124487001627,1.0186848663931045,50,Sep
Region_6,0.014325237026715355,1.0144283349471124,51,Sep
BounceRates,0.013625934794728529,1.0137191909301893,52,Sep
Region_7,0.013472304895255374,1.0135634653151542,53,Sep
Administrative_Duration,-0.011861398509991473,0.98820867056462,54,Sep
Region_3,0.009473349215754242,1.0095183634212455,55,Sep
Browser_4,-0.007791093932533962,0.9922391779716995,56,Sep
Informational_Duration,-0.007345499440545828,0.9926814128055242,57,Sep
OperatingSystems_4,-0.00624021352103459,0.9937792161752006,58,Sep
Browser_11,-0.006114837424867821,0.9939038201447927,59,Sep
OperatingSystems_5,-0.006114837424867821,0.9939038201447927,60,Sep
TrafficType_14,0.0060808797160785515,1.0060994057977273,61,Sep
TrafficType_9,-0.006035982910609352,0.9939821970378951,62,Sep
Region_4,-0.004111758767666647,0.9958966829383654,63,Sep
Browser_5,0.0036210806665313523,1.0036276446997012,64,Sep
Browser_7,0.003616442609471109,1.0036229898282127,65,Sep
Browser_10,0.0025588076940269086,1.002562084236519,66,Sep
SpecialDay,-0.0017297016689449465,0.9982717934028532,67,Sep
Month_Sep,0.0,1.0,68,Sep
PageValues,2.3091241130513285,10.065604461253074,1,Oct
ExitRates,-0.5935550161436435,0.5523601409740792,2,Oct
Month_May,-0.4003158705701617,0.6701083450973154,3,Oct
Month_Mar,-0.2800158502547238,0.7557717621858447,4,Oct
Month_Nov,0.24211898366760637,1.2739457625380137,5,Oct
Month_Dec,-0.2340990999736293,0.7912833958462739,6,Oct
TrafficType_15,-0.22784314904733227,0.7962491424777755,7,Oct
Month_Feb,-0.21830337587004672,0.8038815264119394,8,Oct
TrafficType_2,0.14130429595066857,1.1517750751567066,9,Oct
TrafficType_13,-0.13818976631157154,0.8709334022437365,10,Oct
ProductRelated_Duration,0.1379575406051554,1.1479268089617882,11,Oct
TrafficType_8,0.12351530511496503,1.1314673216469953,12,Oct
BounceRates,-0.11549573343908753,0.8909243734120768,13,Oct
ProductRelated,0.11220124832112048,1.1187379821323025,14,Oct
TrafficType_18,-0.11006838800818969,0.8957728730791714,15,Oct
Browser_3,-0.09319328549657202,0.911017396827634,16,Oct
TrafficType_19,-0.086910392637705,0.916759240330098,17,Oct
TrafficType_11,0.0842305088375803,1.0878796307782903,18,Oct
TrafficType_5,0.08364135242796454,1.087238888288233,19,Oct
OperatingSystems_2,0.08101775368306764,1.08439014831488,20,Oct
Informational,0.07927979298845024,1.082507157615356,21,Oct
TrafficType_4,0.07860971031970487,1.0817820313046644,22,Oct
Browser_2,-0.07827513091184753,0.9247099752427521,23,Oct
OperatingSystems_7,-0.07706566997856944,0.925829052436079,24,Oct
Administrative,0.07628193686968522,1.0792668163744832,25,Oct
Browser_6,-0.0708743374904627,0.9315789493211916,26,Oct
TrafficType_10,0.06628478088407734,1.0685309710356896,27,Oct
Region_5,-0.062222016039880736,0.9396742408768387,28,Oct
Region_9,-0.0577789930458626,0.9438585236850051,29,Oct
OperatingSystems_8,0.05509367355639632,1.0566395892279248,30,Oct
Month_June,-0.0540806498103076,0.9473556993632817,31,Oct
Browser_12,0.052289301321135025,1.053680529592852,32,Oct
TrafficType_3,-0.05119556850192385,0.9500928441279087,33,Oct
VisitorType_Returning_Visitor,-0.050909868799513,0.9503643241497729,34,Oct
OperatingSystems_6,-0.050714651951454325,0.9505498693878298,35,Oct
VisitorType_Other,-0.04943624035643708,0.9517658404526428,36,Oct
Region_2,0.04566685516621214,1.0467256416249118,37,Oct
TrafficType_16,0.04138250227572663,1.042250692572184,38,Oct
Weekend,0.040576340709956464,1.0414108087084668,39,Oct
Month_Jul,0.035111739630465086,1.0357354350286696,40,Oct
Browser_9,-0.03364091163907608,0.9669186515392985,41,Oct
TrafficType_12,-0.032819414422685225,0.9677132988756123,42,Oct
Month_Sep,0.03184351242873943,1.0323559417901,43,Oct
Region_8,0.030908316539425537,1.0313909380611213,44,Oct
TrafficType_20,0.028682619010775255,1.0290979265208453,45,Oct
TrafficType_17,-0.02835832725027267,0.9720399959706822,46,Oct
Region_6,0.022161651547681523,1.0224090451172656,47,Oct
OperatingSystems_3,0.019697959824576478,1.0198932447659623,48,Oct
TrafficType_7,0.018975833524273376,1.0191570188864438,49,Oct
OperatingSystems_4,-0.0175494280288881,0.9826036663023355,50,Oct
Browser_7,-0.017151540241173036,0.9829947100919365,51,Oct
Region_4,-0.016487788603974787,0.9836473910251738,52,Oct
Browser_5,-0.014437698642759325,0.9856660251506638,53,Oct
Administrative_Duration,-0.01251987178848246,0.98755817575171,54,Oct
Region_7,0.012376087704162955,1.0124529883933626,55,Oct
Informational_Duration,-0.011787363764430249,0.9882818350504303,56,Oct
Browser_8,0.011599644655283613,1.0116671814148686,57,Oct
OperatingSystems_5,-0.010017720069228938,0.9900322901530112,58,Oct
Browser_11,-0.010017720069228938,0.9900322901530112,59,Oct
TrafficType_9,-0.007516200765450801,0.9925119752351701,60,Oct
Browser_4,-0.005418553692782814,0.9945961001897146,61,Oct
TrafficType_14,0.004811519488751632,1.0048231134360233,62,Oct
TrafficType_6,-0.0027580824964533878,0.9972457175186873,63,Oct
SpecialDay,-0.0019466066592594197,0.9980552867507094,64,Oct
Browser_13,-0.0017819777513032836,0.9982196090283745,65,Oct
Region_3,0.001569010521487338,1.0015702420625117,66,Oct
Browser_10,0.001394610857680617,1.0013955837796327,67,Oct
Month_Oct,0.0,1.0,68,Oct
PageValues,2.657657362864933,14.262837278977408,1,Nov
ExitRates,-0.7397264708377659,0.47724443794066734,2,Nov
Month_May,-0.5255496111350649,0.5912303282814596,3,Nov
Month_Mar,-0.34277368694953353,0.7097988301229473,4,Nov
Month_Feb,-0.2743137092221912,0.7600935894864942,5,Nov
Month_Dec,-0.2515681328168574,0.7775804770566956,6,Nov
TrafficType_15,-0.21340476506676348,0.8078290900367545,7,Nov
OperatingSystems_2,0.17921003817333292,1.1962719805639501,8,Nov
VisitorType_Other,-0.17079090039492073,0.8429978255562636,9,Nov
Browser_2,-0.16667608827980784,0.8464737497048407,10,Nov
TrafficType_20,0.16219639595558005,1.1760911981954782,11,Nov
OperatingSystems_3,0.15568005330924245,1.1684523008317045,12,Nov
OperatingSystems_8,0.13435533220803672,1.1437991761314028,13,Nov
TrafficType_18,-0.13303991132471782,0.8754301518344618,14,Nov
BounceRates,-0.125224715573382,0.8822986140672167,15,Nov
TrafficType_13,-0.1231786064276502,0.8841057414902289,16,Nov
TrafficType_19,-0.11270995506931772,0.893409751509574,17,Nov
Informational,0.11127414317755632,1.1177012750372635,18,Nov
TrafficType_2,0.10986027038569884,1.116122104251436,19,Nov
Administrative,0.09855901460339574,1.1035795297809639,20,Nov
ProductRelated_Duration,0.0964438569386821,1.1012477519881054,21,Nov
TrafficType_4,0.09247081746117759,1.096881131317038,22,Nov
TrafficType_5,0.08936253334746475,1.0934770063564276,23,Nov
Browser_3,-0.08380190751247349,0.919613406560478,24,Nov
Browser_6,-0.07387258159675235,0.9287900312446791,25,Nov
Month_June,-0.05924209390265718,0.9424785732198302,26,Nov
Region_2,0.058028196407032405,1.0597448762869055,27,Nov
Month_Oct,-0.05698448145720347,0.9446087282037557,28,Nov
TrafficType_8,0.05519283724135136,1.056744374698633,29,Nov
Region_8,0.0530575477515846,1.0544903269206705,30,Nov
Region_6,0.0507424655939343,1.0520519188260136,31,Nov
TrafficType_16,0.04810479196484375,1.0492806057397577,32,Nov
Month_Jul,0.0478180553940157,1.0489797817477127,33,Nov
ProductRelated,-0.04711089783520401,0.9539815972300069,34,Nov
TrafficType_6,0.046641612753726136,1.0477464428221608,35,Nov
Browser_13,-0.04542124950687728,0.9555948531748176,36,Nov
Browser_9,-0.0436181018242417,0.9573194862366318,37,Nov
TrafficType_12,-0.04034127599028259,0.9604616007298965,38,Nov
Region_9,-0.037955338627698586,0.9627559379324183,39,Nov
VisitorType_Returning_Visitor,-0.036446010418058714,0.9642101497939642,40,Nov
Month_Sep,0.03612125532131015,1.0367815541498853,41,Nov
OperatingSystems_6,-0.03424489238219434,0.9663348276205569,42,Nov
TrafficType_10,0.03411857414924101,1.0347072889910072,43,Nov
TrafficType_11,0.03316779739199352,1.033723980877404,44,Nov
TrafficType_17,-0.03303325223007125,0.9675063873091487,45,Nov
TrafficType_7,0.03270981308418082,1.0332506599106133,46,Nov
OperatingSystems_7,0.03252925993310002,1.0330641200887931,47,Nov
TrafficType_3,-0.029843190265353783,0.9705977207870209,48,Nov
Informational_Duration,-0.029683200633741125,0.9707530187815169,49,Nov
SpecialDay,0.028409176869992465,1.0288165662503728,50,Nov
Browser_4,-0.020058114042546524,0.9801417116545027,51,Nov
Browser_8,0.019494071685551975,1.0196853218275141,52,Nov
OperatingSystems_4,0.019139746109484792,1.0193240852399108,53,Nov
Region_5,-0.018493226425096772,0.9816767240300922,54,Nov
Browser_5,-0.018144310537918918,0.9820193063979188,55,Nov
Region_3,-0.016636136954270683,0.9835014793805859,56,Nov
Browser_12,-0.012312536903392457,0.9877629522405206,57,Nov
TrafficType_9,-0.012008048394499874,0.9880637605029932,58,Nov
Region_7,0.009152940795375354,1.0091949570509071,59,Nov
TrafficType_14,0.009038030542004154,1.0090789968653262,60,Nov
Administrative_Duration,-0.00818355489279377,0.9918498392362296,61,Nov
Browser_10,-0.008048990106548777,0.991983316278287,62,Nov
Browser_11,-0.0072015065474576685,0.9928243621656679,63,Nov
OperatingSystems_5,-0.0072015065474576685,0.9928243621656679,64,Nov
Region_4,-0.0061496466999751654,0.9938692236754295,65,Nov
Weekend,0.0038930923815982906,1.0039006803093833,66,Nov
Browser_7,-0.002096652625276543,0.997905543815513,67,Nov
Month_Nov,0.0,1.0,68,Nov
PageValues,2.3595611408282666,10.586304535997028,1,Dec
ExitRates,-0.5533471411671663,0.5750219062024096,2,Dec
Month_May,-0.4272300870060529,0.6523134461120053,3,Dec
Month_Mar,-0.30956357814548524,0.7337671183629084,4,Dec
TrafficType_15,-0.25652295180515866,0.7737372356893966,5,Dec
Month_Feb,-0.23556611722862436,0.7901234205109283,6,Dec
Month_Nov,0.23355103078206568,1.2630772820678386,7,Dec
ProductRelated_Duration,0.18772706304165712,1.20650417082789,8,Dec
TrafficType_8,0.13428343191343603,1.143716939590126,9,Dec
TrafficType_13,-0.13394615463864248,0.8746371584892846,10,Dec
TrafficType_2,0.13120134066660744,1.1401973262925849,11,Dec
Browser_13,-0.12915517950639108,0.8788375773820768,12,Dec
Browser_3,-0.128876549201339,0.879082482281733,13,Dec
TrafficType_18,-0.12139345991288106,0.8856854093231005,14,Dec
Informational,0.10599640587475637,1.1118178804866392,15,Dec
TrafficType_19,-0.1007786459104981,0.9041331443062528,16,Dec
TrafficType_5,0.09901897925755052,1.1040872541163844,17,Dec
Browser_2,-0.08351754176919829,0.9198749502956373,18,Dec
BounceRates,-0.08207542142733104,0.9212024776704757,19,Dec
TrafficType_11,0.07926237845873643,1.082488306426437,20,Dec
ProductRelated,0.07421281321879934,1.077035988604255,21,Dec
TrafficType_20,0.07157814637609544,1.0742020924221174,22,Dec
OperatingSystems_2,0.07103995944805166,1.0736241264387176,23,Dec
TrafficType_10,0.06908463728536968,1.0715268964382443,24,Dec
Browser_6,-0.06472754308093956,0.937322808675144,25,Dec
Region_9,-0.06368589060422178,0.9382996819932112,26,Dec
Month_June,-0.057335260891510656,0.9442774369969029,27,Dec
Browser_12,0.05631307489833327,1.0579288428600242,28,Dec
TrafficType_3,-0.055429592383748325,0.9460786324668224,29,Dec
TrafficType_4,0.05537951560542187,1.056941664424031,30,Dec
OperatingSystems_6,-0.05349813691874224,0.947907707031241,31,Dec
Weekend,0.05245790154467387,1.0538581953425017,32,Dec
Region_2,0.049582202930258126,1.0508319701316704,33,Dec
Region_5,-0.0483944248576199,0.9527579215494705,34,Dec
TrafficType_16,0.044736666919760616,1.0457524424352083,35,Dec
Month_Jul,0.03768108719778454,1.038400021006932,36,Dec
Browser_9,-0.03753583680102906,0.9631599005326181,37,Dec
TrafficType_12,-0.03706420201537508,0.9636142673850404,38,Dec
Month_Sep,0.036093478522190935,1.036752756076886,39,Dec
TrafficType_17,-0.033859624833213905,0.9667071967973628,40,Dec
Administrative,0.032022692352923265,1.032540935822594,41,Dec
Month_Oct,-0.03184473773194321,0.9686569662819532,42,Dec
OperatingSystems_7,0.027781311803289827,1.0281708110131706,43,Dec
Region_4,-0.024343044202701246,0.9759508580427504,44,Dec
Browser_8,0.022799915961017662,1.0230618207261966,45,Dec
Administrative_Duration,-0.017915090027820525,0.9822444311648791,46,Dec
Region_7,0.0176314131793109,1.0177877640887854,47,Dec
VisitorType_Returning_Visitor,0.016362664340622224,1.016497265877232,48,Dec
TrafficType_7,-0.014263221690398576,0.9858380161585748,49,Dec
OperatingSystems_8,0.013806499592114047,1.0139022494569707,50,Dec
Region_8,0.012356897657307263,1.0124335595594969,51,Dec
Browser_5,-0.012096075445589466,0.9879767879918906,52,Dec
OperatingSystems_5,-0.011030246839427915,0.9890303632803589,53,Dec
Browser_11,-0.011030246839427915,0.9890303632803589,54,Dec
TrafficType_9,-0.00844865545407638,0.9915869341368244,55,Dec
Region_3,-0.007537529135899925,0.9924908067978321,56,Dec
Browser_4,-0.007181803193230392,0.9928439243284806,57,Dec
SpecialDay,-0.006567180399136095,0.9934543364027224,58,Dec
OperatingSystems_4,-0.005165260268624607,0.9948480567497089,59,Dec
Informational_Duration,-0.004686763063458401,0.9953242026725905,60,Dec
TrafficType_14,0.004410162360584507,1.004419901438316,61,Dec
Region_6,0.0033788821609535935,1.0033845970180792,62,Dec
OperatingSystems_3,-0.002918726134702963,0.9970855292053575,63,Dec
Browser_10,-0.0026839940755084162,0.9973196046162478,64,Dec
Browser_7,0.002327180680450124,1.0023298906672118,65,Dec
TrafficType_6,-0.0020023324289792123,0.9979996709012647,66,Dec
VisitorType_Other,-0.0011760090989813114,0.9988246821287292,67,Dec
Month_Dec,0.0,1.0,68,Dec
