Held_out_month,Split,N_test,Accuracy,ROC_AUC,PR_AUC,F1,MCC,Precision,Recall,Brier
Feb,LOMO holdout: Feb,184,0.9837,0.9853,0.4111,0.6667,0.7012,0.5,1.0,0.0597
Mar,LOMO holdout: Mar,1907,0.9271,0.9656,0.7507,0.7098,0.6877,0.5923,0.8854,0.1049
May,LOMO holdout: May,3364,0.7554,0.9191,0.6362,0.4488,0.4304,0.297,0.9178,0.178
June,LOMO holdout: June,288,0.8368,0.8333,0.4311,0.4198,0.3529,0.3269,0.5862,0.1296
Jul,LOMO holdout: Jul,432,0.8264,0.8064,0.4962,0.4966,0.3972,0.4458,0.5606,0.1514
Aug,LOMO holdout: Aug,433,0.8476,0.8675,0.6471,0.5823,0.4898,0.561,0.6053,0.1263
Sep,LOMO holdout: Sep,448,0.7991,0.7619,0.5516,0.5408,0.4198,0.4818,0.6163,0.185
Oct,LOMO holdout: Oct,549,0.8179,0.8607,0.6822,0.6479,0.5489,0.5444,0.8,0.1685
Nov,LOMO holdout: Nov,2998,0.8005,0.8216,0.6392,0.6304,0.4962,0.5944,0.6711,0.1727
Dec,LOMO holdout: Dec,1727,0.8645,0.8753,0.5902,0.588,0.5343,0.4744,0.7731,0.1457
