Held_out_month,Split,N_test,Accuracy,ROC_AUC,PR_AUC,F1,MCC,Precision,Recall,Brier,ECE
Feb,LOMO holdout: Feb,184,0.9674,0.8711,0.0965,0.0,-0.0166,0.0,0.0,0.0564,0.1601
Mar,LOMO holdout: Mar,1907,0.8542,0.7823,0.2618,0.2872,0.206,0.2828,0.2917,0.1343,0.2138
May,LOMO holdout: May,3364,0.8627,0.7702,0.2865,0.2643,0.1939,0.3156,0.2274,0.1295,0.1936
June,LOMO holdout: June,288,0.8542,0.6939,0.2764,0.2222,0.1427,0.24,0.2069,0.1308,0.1915
Jul,LOMO holdout: Jul,432,0.8102,0.6727,0.2504,0.1961,0.1048,0.2778,0.1515,0.1531,0.1587
Aug,LOMO holdout: Aug,433,0.7644,0.619,0.2543,0.25,0.1137,0.2833,0.2237,0.1781,0.1709
Sep,LOMO holdout: Sep,448,0.75,0.5881,0.3047,0.2727,0.1255,0.3088,0.2442,0.1921,0.1882
Oct,LOMO holdout: Oct,549,0.7213,0.5482,0.2877,0.2388,0.0737,0.2791,0.2087,0.2049,0.1989
Nov,LOMO holdout: Nov,2998,0.6788,0.6552,0.3429,0.2851,0.0835,0.3271,0.2526,0.1942,0.1098
Dec,LOMO holdout: Dec,1727,0.7383,0.7201,0.2443,0.3089,0.1859,0.2306,0.4676,0.176,0.2572
