feature,mean_abs_shap,rank,Held_out_month
ProductRelated_Duration,0.07869938289598488,1,Feb
ProductRelated,0.049781516572300365,2,Feb
Administrative,0.04871907703948882,3,Feb
Administrative_Duration,0.04720530355412431,4,Feb
Month_Nov,0.03072283876587943,5,Feb
VisitorType_Returning_Visitor,0.029950660706099433,6,Feb
TrafficType_2,0.026204642043492266,7,Feb
SpecialDay,0.02546996119673867,8,Feb
TrafficType_3,0.023211568831558567,9,Feb
Month_May,0.010624924642958057,10,Feb
OperatingSystems_2,0.009982984120588156,11,Feb
Informational_Duration,0.009506481883831092,12,Feb
Month_Mar,0.009350340409531392,13,Feb
OperatingSystems_3,0.008665771123355915,14,Feb
Informational,0.008443003093634577,15,Feb
Month_Oct,0.005511252256799868,16,Feb
Weekend,0.005332616015473572,17,Feb
Month_Dec,0.005305354616860726,18,Feb
TrafficType_13,0.0038093557446642764,19,Feb
TrafficType_4,0.003714889534519947,20,Feb
Month_Sep,0.002677747105665489,21,Feb
Region_3,0.0026288070389670778,22,Feb
Browser_2,0.0024242476649909937,23,Feb
TrafficType_5,0.002345342145060611,24,Feb
TrafficType_8,0.002123828214713095,25,Feb
Browser_4,0.001998583905961259,26,Feb
TrafficType_20,0.0018131653334652516,27,Feb
OperatingSystems_4,0.001711936259879057,28,Feb
Region_4,0.0015713940647964558,29,Feb
Region_2,0.0014375885472096826,30,Feb
Region_7,0.0012148062857793198,31,Feb
TrafficType_11,0.001118227914999888,32,Feb
Browser_5,0.0010817757121207284,33,Feb
Month_Jul,0.000982217406138543,34,Feb
Region_6,0.0008916324799332959,35,Feb
TrafficType_10,0.000736303130204296,36,Feb
Browser_6,0.0006034673445913913,37,Feb
Region_9,0.0005692251210907629,38,Feb
Browser_10,0.0005067721017905698,39,Feb
Region_8,0.0004973124214747676,40,Feb
Month_June,0.00044814229244140844,41,Feb
Browser_3,0.00041270558908197317,42,Feb
TrafficType_6,0.0003478698444762753,43,Feb
Region_5,0.00034289976746020755,44,Feb
Browser_8,0.00029809699158081163,45,Feb
TrafficType_7,0.00023031142002685772,46,Feb
Browser_13,0.0002006336573399428,47,Feb
OperatingSystems_8,0.00012163791656636704,48,Feb
VisitorType_Other,4.406060535947938e-05,49,Feb
Browser_7,2.8465137172640725e-05,50,Feb
TrafficType_15,1.8993548043432453e-05,51,Feb
TrafficType_9,6.297557352621531e-06,52,Feb
OperatingSystems_6,9.374049674877598e-07,53,Feb
OperatingSystems_7,7.44477983808909e-07,54,Feb
TrafficType_19,5.682051783944977e-07,55,Feb
Month_Feb,0.0,56,Feb
OperatingSystems_5,0.0,57,Feb
Browser_9,0.0,58,Feb
Browser_12,0.0,59,Feb
Browser_11,0.0,60,Feb
TrafficType_12,0.0,61,Feb
TrafficType_14,0.0,62,Feb
TrafficType_18,0.0,63,Feb
TrafficType_16,0.0,64,Feb
TrafficType_17,0.0,65,Feb
ProductRelated_Duration,0.06479149505811223,1,Mar
Month_Nov,0.03564965545987009,2,Mar
Administrative,0.03493674548305452,3,Mar
ProductRelated,0.03410203979574785,4,Mar
Administrative_Duration,0.03165563718652069,5,Mar
VisitorType_Returning_Visitor,0.029880466841161614,6,Mar
TrafficType_2,0.023194760834884254,7,Mar
TrafficType_3,0.015670887400945535,8,Mar
OperatingSystems_2,0.013483211414894334,9,Mar
Month_May,0.012820913205821655,10,Mar
OperatingSystems_3,0.012448743740886526,11,Mar
Month_Dec,0.008143592426216173,12,Mar
SpecialDay,0.007715756745348712,13,Mar
Informational_Duration,0.007202062375444993,14,Mar
TrafficType_13,0.006698597885746723,15,Mar
Informational,0.005222407487981893,16,Mar
Month_Oct,0.004630135406845934,17,Mar
Weekend,0.004193353954913458,18,Mar
TrafficType_8,0.003130317126080281,19,Mar
Browser_2,0.0029287646395752035,20,Mar
TrafficType_4,0.0024462775138078654,21,Mar
Region_3,0.002386158873670269,22,Mar
Month_Sep,0.0021130479674400233,23,Mar
Region_4,0.0019460688717522193,24,Mar
TrafficType_20,0.0018835037682344373,25,Mar
Region_7,0.001625798522964862,26,Mar
Region_2,0.0015546843084622579,27,Mar
TrafficType_10,0.0015529090203919922,28,Mar
OperatingSystems_4,0.001476724574154749,29,Mar
Browser_4,0.0014389617976498013,30,Mar
TrafficType_5,0.0013939067668009225,31,Mar
Month_Feb,0.0013221665525625845,32,Mar
Browser_5,0.0012284654967662254,33,Mar
Month_Jul,0.00108420326400102,34,Mar
TrafficType_11,0.001038345595258953,35,Mar
Region_6,0.0010056100992282776,36,Mar
Region_8,0.0006494621070674686,37,Mar
Month_June,0.0006171247041937279,38,Mar
Region_9,0.000601348155513133,39,Mar
Browser_3,0.000545828646275611,40,Mar
Browser_10,0.0005219523289959837,41,Mar
TrafficType_6,0.0004777364016783244,42,Mar
Region_5,0.0004477482299241593,43,Mar
Browser_6,0.0004033688695694575,44,Mar
Browser_13,0.00024887469167751204,45,Mar
Browser_8,0.0002366841236837566,46,Mar
OperatingSystems_8,0.00019704179370105154,47,Mar
TrafficType_7,0.00015565896532017498,48,Mar
Browser_7,9.548196252174737e-05,49,Mar
VisitorType_Other,7.877751031858071e-05,50,Mar
TrafficType_15,2.796216129898863e-05,51,Mar
OperatingSystems_6,5.2724972334292834e-06,52,Mar
TrafficType_14,3.112505636423639e-06,53,Mar
TrafficType_19,1.5158664534558913e-06,54,Mar
Browser_12,1.4273763099629384e-06,55,Mar
TrafficType_18,9.50711228685852e-07,56,Mar
Month_Mar,0.0,57,Mar
Browser_9,0.0,58,Mar
OperatingSystems_7,0.0,59,Mar
OperatingSystems_5,0.0,60,Mar
Browser_11,0.0,61,Mar
TrafficType_12,0.0,62,Mar
TrafficType_9,0.0,63,Mar
TrafficType_17,0.0,64,Mar
TrafficType_16,0.0,65,Mar
ProductRelated_Duration,0.05072378899798811,1,May
Month_Nov,0.04239080843768589,2,May
Administrative,0.03236456751813463,3,May
ProductRelated,0.031368342968710806,4,May
Administrative_Duration,0.03135666648019329,5,May
TrafficType_2,0.026820807460194124,6,May
VisitorType_Returning_Visitor,0.026486207609126722,7,May
TrafficType_3,0.01592386547107736,8,May
Month_Mar,0.01309118755964598,9,May
OperatingSystems_3,0.012454442689616176,10,May
OperatingSystems_2,0.012370159525491736,11,May
TrafficType_13,0.009073108518692655,12,May
Informational_Duration,0.008785608221382621,13,May
Month_Dec,0.008247276452010496,14,May
Informational,0.006626353826373984,15,May
Month_Oct,0.004616685696385013,16,May
Weekend,0.0044131614187770335,17,May
SpecialDay,0.0039256684795560045,18,May
Browser_2,0.003803656672948041,19,May
Region_3,0.003054891607713511,20,May
TrafficType_4,0.0029479223084882835,21,May
TrafficType_8,0.002933017751888039,22,May
Month_Sep,0.002621315709922369,23,May
Region_4,0.002391780174036375,24,May
TrafficType_20,0.0020899764160967004,25,May
Region_6,0.0019102017910459731,26,May
TrafficType_5,0.0017093920509554552,27,May
Region_7,0.0016172664853189597,28,May
Month_Feb,0.0015864220750048555,29,May
Region_2,0.0014780306400760184,30,May
Browser_4,0.0014595225169883813,31,May
TrafficType_11,0.0014204282283854866,32,May
Month_Jul,0.00124667860652168,33,May
Browser_5,0.0012062497316817852,34,May
TrafficType_10,0.0010834122867591407,35,May
OperatingSystems_4,0.0010449599299606823,36,May
Region_8,0.0009663897544947992,37,May
Month_June,0.0007499351719058154,38,May
Browser_10,0.0006986974548474678,39,May
Region_9,0.0005539092731731836,40,May
Browser_6,0.0004839857231493369,41,May
TrafficType_6,0.00041900944967912816,42,May
Browser_13,0.0002933208045816721,43,May
Region_5,0.00028961378834497175,44,May
Browser_8,0.00026394313247526144,45,May
Browser_3,0.000249131213248999,46,May
TrafficType_7,0.00021690364116410947,47,May
OperatingSystems_8,0.0002115599945008985,48,May
VisitorType_Other,0.00011851535614999902,49,May
TrafficType_9,3.139973745076762e-05,50,May
Browser_7,1.3367039135936361e-05,51,May
TrafficType_15,7.917984051927342e-06,52,May
Browser_12,1.6920706036669085e-06,53,May
Month_May,0.0,54,May
OperatingSystems_5,0.0,55,May
OperatingSystems_7,0.0,56,May
OperatingSystems_6,0.0,57,May
Browser_9,0.0,58,May
Browser_11,0.0,59,May
TrafficType_14,0.0,60,May
TrafficType_12,0.0,61,May
TrafficType_18,0.0,62,May
TrafficType_17,0.0,63,May
TrafficType_16,0.0,64,May
TrafficType_19,0.0,65,May
ProductRelated_Duration,0.06926872687970699,1,June
Month_Nov,0.03935849155584747,2,June
ProductRelated,0.034443152581562546,3,June
Administrative_Duration,0.034027949990850535,4,June
Administrative,0.03136411428245221,5,June
VisitorType_Returning_Visitor,0.028469880921615398,6,June
TrafficType_2,0.026292716973531877,7,June
TrafficType_3,0.015677000957379752,8,June
TrafficType_13,0.012502789218371911,9,June
OperatingSystems_2,0.010740853648520529,10,June
OperatingSystems_3,0.010440429883840344,11,June
Informational_Duration,0.009674808752616516,12,June
Month_Mar,0.008226328212005177,13,June
Informational,0.008099665477412157,14,June
Month_May,0.007910034954774067,15,June
SpecialDay,0.0060942634259168555,16,June
Weekend,0.0053891425931278,17,June
Month_Dec,0.00522374805330124,18,June
Month_Oct,0.004346889525761142,19,June
Browser_2,0.004122687831821735,20,June
TrafficType_4,0.0036178551464040457,21,June
Month_Sep,0.002588521859698889,22,June
Region_3,0.002461692296867928,23,June
TrafficType_8,0.0023377720757032185,24,June
TrafficType_20,0.0021172592676433092,25,June
Region_2,0.0018831214342404303,26,June
TrafficType_5,0.0018217890297191437,27,June
Browser_4,0.0016830227121846758,28,June
Browser_5,0.00165451506276801,29,June
OperatingSystems_4,0.001640996141203053,30,June
Region_4,0.0014767929925497397,31,June
Region_7,0.0014066521186165439,32,June
Region_6,0.001348075077869603,33,June
Month_Jul,0.0012935455621794249,34,June
TrafficType_11,0.0011673633201360256,35,June
TrafficType_10,0.0010737222458208006,36,June
Region_8,0.0009375176698840342,37,June
Month_Feb,0.0007856031805802108,38,June
Browser_10,0.000758890053828458,39,June
Region_9,0.000676856143236344,40,June
Region_5,0.00047155775352250985,41,June
Browser_8,0.0003059130696076445,42,June
TrafficType_6,0.0002810118970219991,43,June
Browser_6,0.0002702211101528906,44,June
Browser_13,0.00026829267673974963,45,June
Browser_3,0.0002630285336056356,46,June
OperatingSystems_8,0.0002270721708659779,47,June
TrafficType_7,0.00013351304489861717,48,June
VisitorType_Other,8.250103162995946e-05,49,June
TrafficType_15,5.523151984674302e-05,50,June
Browser_7,2.209977484912225e-05,51,June
TrafficType_9,9.46804821874601e-06,52,June
Browser_12,5.39688015569079e-06,53,June
TrafficType_19,1.8170241179942831e-06,54,June
TrafficType_14,8.36434746080695e-07,55,June
OperatingSystems_6,6.902994192369746e-07,56,June
TrafficType_18,7.478770996063769e-08,57,June
Browser_9,0.0,58,June
OperatingSystems_7,0.0,59,June
OperatingSystems_5,0.0,60,June
Month_June,0.0,61,June
Browser_11,0.0,62,June
TrafficType_12,0.0,63,June
TrafficType_17,0.0,64,June
TrafficType_16,0.0,65,June
ProductRelated_Duration,0.06522788349313229,1,Jul
Month_Nov,0.040543997957585995,2,Jul
ProductRelated,0.030265625681700308,3,Jul
VisitorType_Returning_Visitor,0.029152354051828047,4,Jul
Administrative_Duration,0.02900150823096628,5,Jul
TrafficType_2,0.02663614707384571,6,Jul
Administrative,0.02644861871711708,7,Jul
OperatingSystems_3,0.014693746224462536,8,Jul
TrafficType_3,0.012357927340331228,9,Jul
OperatingSystems_2,0.011376563437326528,10,Jul
Informational_Duration,0.010659596712756177,11,Jul
TrafficType_13,0.010099264199380313,12,Jul
Month_Mar,0.007279087563906938,13,Jul
Informational,0.00602940441462112,14,Jul
Month_May,0.005950145599840383,15,Jul
SpecialDay,0.005937778612806374,16,Jul
Weekend,0.005900348937088541,17,Jul
Browser_2,0.004545762414488611,18,Jul
Month_Dec,0.0044457156757225095,19,Jul
Month_Oct,0.004337455228969954,20,Jul
TrafficType_4,0.0031888139851357594,21,Jul
TrafficType_8,0.0026674986750945826,22,Jul
Region_3,0.0026629792449041627,23,Jul
Month_Sep,0.0025534820394937123,24,Jul
TrafficType_5,0.002437027766839805,25,Jul
TrafficType_20,0.002307571402053606,26,Jul
Region_2,0.001866853042247472,27,Jul
Region_4,0.001837280068300573,28,Jul
Browser_4,0.0018029339927981133,29,Jul
Browser_5,0.0015045470759948052,30,Jul
Region_7,0.001362152191819182,31,Jul
Region_6,0.0013033466905099979,32,Jul
TrafficType_10,0.0012260190119586264,33,Jul
OperatingSystems_4,0.0011611713274976634,34,Jul
Region_8,0.0010568420417529842,35,Jul
TrafficType_11,0.0010248219874964518,36,Jul
Month_Feb,0.0007343592728860433,37,Jul
Browser_10,0.0006481036867785572,38,Jul
Region_9,0.000623537270117891,39,Jul
Month_June,0.0005007378408306433,40,Jul
Region_5,0.00045365973711182755,41,Jul
Browser_8,0.000377036280759928,42,Jul
TrafficType_6,0.0003167019021848062,43,Jul
Browser_13,0.0002526777914408078,44,Jul
Browser_6,0.00022193666151259313,45,Jul
Browser_3,0.00020700384882001288,46,Jul
TrafficType_7,0.0001826255820469572,47,Jul
OperatingSystems_8,0.00013928887620641068,48,Jul
VisitorType_Other,0.0001226768026515179,49,Jul
TrafficType_15,4.78851126791685e-05,50,Jul
TrafficType_9,1.2328353498650798e-05,51,Jul
Browser_7,8.049901625072033e-06,52,Jul
TrafficType_14,3.2060475817790603e-06,53,Jul
TrafficType_19,1.9958613770404706e-06,54,Jul
TrafficType_18,5.197539315445243e-07,55,Jul
OperatingSystems_6,3.277090222497804e-07,56,Jul
Month_Jul,0.0,57,Jul
Browser_9,0.0,58,Jul
OperatingSystems_7,0.0,59,Jul
OperatingSystems_5,0.0,60,Jul
Browser_12,0.0,61,Jul
Browser_11,0.0,62,Jul
TrafficType_12,0.0,63,Jul
TrafficType_17,0.0,64,Jul
TrafficType_16,0.0,65,Jul
ProductRelated_Duration,0.05731077457210064,1,Aug
Month_Nov,0.04262919283138664,2,Aug
ProductRelated,0.030312846112846393,3,Aug
VisitorType_Returning_Visitor,0.029722390292447214,4,Aug
Administrative,0.028644181497303203,5,Aug
Administrative_Duration,0.02606155447230577,6,Aug
TrafficType_2,0.025795159152368546,7,Aug
TrafficType_3,0.013798305764402092,8,Aug
OperatingSystems_2,0.012478049489968843,9,Aug
Informational_Duration,0.011216656060179174,10,Aug
OperatingSystems_3,0.01102796533775793,11,Aug
TrafficType_13,0.008034270724644292,12,Aug
Informational,0.007067356138549971,13,Aug
Month_Mar,0.0067116808922840455,14,Aug
Weekend,0.006460002273233481,15,Aug
Month_May,0.006102701053469842,16,Aug
SpecialDay,0.0056857910415454745,17,Aug
Month_Dec,0.0044552629341758085,18,Aug
Browser_2,0.004103980731092425,19,Aug
Month_Oct,0.003700680610054357,20,Aug
TrafficType_4,0.0030417089481041396,21,Aug
Region_3,0.003012095983748415,22,Aug
TrafficType_8,0.00286679119702673,23,Aug
Month_Sep,0.002545440310290323,24,Aug
TrafficType_20,0.002108499117952352,25,Aug
Region_4,0.001652570250869226,26,Aug
Month_Jul,0.001619272912475274,27,Aug
TrafficType_5,0.0015131412223735245,28,Aug
Region_2,0.0014781175254240707,29,Aug
Browser_4,0.0014675531185166493,30,Aug
TrafficType_10,0.0013596686146879304,31,Aug
Region_7,0.0012617782579063127,32,Aug
Region_8,0.0011530949829594598,33,Aug
Region_6,0.0011021392160576145,34,Aug
Browser_5,0.0010888432784484116,35,Aug
OperatingSystems_4,0.0009251176879119968,36,Aug
TrafficType_11,0.0008402535356102026,37,Aug
Region_9,0.0007013236550490315,38,Aug
Month_Feb,0.0006051866393511199,39,Aug
Region_5,0.0005819326405850593,40,Aug
TrafficType_6,0.0005194140615455671,41,Aug
Month_June,0.0004563801004820359,42,Aug
Browser_8,0.0003770466354306194,43,Aug
Browser_10,0.0003401337864566116,44,Aug
Browser_13,0.00024587868231749736,45,Aug
Browser_6,0.00020048323550515775,46,Aug
OperatingSystems_8,0.00018340127492118754,47,Aug
Browser_3,0.00017029029518169817,48,Aug
VisitorType_Other,0.00016404632672645193,49,Aug
TrafficType_7,0.00012816099027482044,50,Aug
TrafficType_15,2.5676722989560255e-05,51,Aug
TrafficType_9,2.35440317789608e-05,52,Aug
Browser_7,1.4886184969451596e-05,53,Aug
TrafficType_19,2.2564621103143046e-06,54,Aug
Browser_12,1.3338977642123236e-06,55,Aug
OperatingSystems_6,1.1954273838339767e-06,56,Aug
OperatingSystems_5,0.0,57,Aug
Browser_9,0.0,58,Aug
OperatingSystems_7,0.0,59,Aug
Browser_11,0.0,60,Aug
TrafficType_12,0.0,61,Aug
TrafficType_14,0.0,62,Aug
TrafficType_18,0.0,63,Aug
TrafficType_16,0.0,64,Aug
TrafficType_17,0.0,65,Aug
ProductRelated_Duration,0.061648605566559,1,Sep
Month_Nov,0.04075408146211816,2,Sep
VisitorType_Returning_Visitor,0.03343273476048395,3,Sep
ProductRelated,0.030662648709862482,4,Sep
TrafficType_2,0.024861666537204122,5,Sep
Administrative,0.02278080189228418,6,Sep
Administrative_Duration,0.02217925817119839,7,Sep
OperatingSystems_3,0.013676159032970066,8,Sep
OperatingSystems_2,0.012432978115991653,9,Sep
TrafficType_3,0.011228049582109796,10,Sep
Informational_Duration,0.00973087707465063,11,Sep
TrafficType_13,0.008492124842395013,12,Sep
Month_Mar,0.0073019874029091264,13,Sep
Informational,0.007060816416020987,14,Sep
Month_May,0.006854236027067459,15,Sep
SpecialDay,0.005593356197796011,16,Sep
Browser_2,0.004644221684095991,17,Sep
Weekend,0.0046433113384478164,18,Sep
Month_Dec,0.004410537707283914,19,Sep
Month_Oct,0.0035467292557709077,20,Sep
TrafficType_5,0.003438422926269946,21,Sep
TrafficType_4,0.0032092954419480246,22,Sep
Region_3,0.0028281099898854567,23,Sep
TrafficType_8,0.002479841765841522,24,Sep
TrafficType_20,0.0017149450156674704,25,Sep
Region_4,0.0016699987989251548,26,Sep
Region_2,0.0016338037328937085,27,Sep
Browser_5,0.0015934032153634078,28,Sep
Month_Jul,0.0014390353297134711,29,Sep
Region_6,0.0013353378451692686,30,Sep
Region_7,0.0013275806814943589,31,Sep
OperatingSystems_4,0.0013009148440697765,32,Sep
Browser_4,0.0012671808878506375,33,Sep
TrafficType_10,0.0010820815105504274,34,Sep
Region_8,0.000897274178013121,35,Sep
TrafficType_11,0.0008018610836052999,36,Sep
Browser_10,0.0007649851425475569,37,Sep
Region_9,0.0007107434922940162,38,Sep
Month_Feb,0.0006805442814676692,39,Sep
Region_5,0.0006417918037231216,40,Sep
TrafficType_6,0.0005942803628288639,41,Sep
Month_June,0.0004316646513813938,42,Sep
Browser_6,0.0004242320029616394,43,Sep
Browser_8,0.0003167053991945011,44,Sep
Browser_13,0.0002654470571241792,45,Sep
Browser_3,0.00019221444342357324,46,Sep
TrafficType_7,0.00017455881230215022,47,Sep
OperatingSystems_8,0.00016318907735587762,48,Sep
VisitorType_Other,0.00010654209243874311,49,Sep
TrafficType_15,2.611866824170039e-05,50,Sep
TrafficType_9,2.48636838071728e-05,51,Sep
Browser_7,1.8770390510390526e-05,52,Sep
OperatingSystems_6,2.994310403004118e-06,53,Sep
TrafficType_19,1.1633774160858211e-06,54,Sep
Browser_12,9.043451753759389e-07,55,Sep
TrafficType_14,4.5836258035695204e-07,56,Sep
Month_Sep,0.0,57,Sep
Browser_9,0.0,58,Sep
OperatingSystems_7,0.0,59,Sep
OperatingSystems_5,0.0,60,Sep
Browser_11,0.0,61,Sep
TrafficType_12,0.0,62,Sep
TrafficType_18,0.0,63,Sep
TrafficType_16,0.0,64,Sep
TrafficType_17,0.0,65,Sep
ProductRelated_Duration,0.06536336304417328,1,Oct
Month_Nov,0.042817999726018574,2,Oct
VisitorType_Returning_Visitor,0.03155734357454763,3,Oct
ProductRelated,0.029175860752564006,4,Oct
Administrative,0.023500483147143782,5,Oct
TrafficType_2,0.022767779164689483,6,Oct
Administrative_Duration,0.021929719749403685,7,Oct
OperatingSystems_2,0.014372404624906746,8,Oct
OperatingSystems_3,0.012857876487032786,9,Oct
TrafficType_3,0.011508422129753353,10,Oct
Informational_Duration,0.009366966494091581,11,Oct
Month_Mar,0.006883459451009623,12,Oct
TrafficType_13,0.006628173030173578,13,Oct
Month_May,0.006280734146079816,14,Oct
SpecialDay,0.005919864261961132,15,Oct
Informational,0.005671508354645542,16,Oct
Weekend,0.0044683670758150764,17,Oct
Month_Dec,0.004387291082279578,18,Oct
Browser_2,0.003849435271714739,19,Oct
Region_3,0.0033461976358226705,20,Oct
TrafficType_4,0.0032037254996315472,21,Oct
TrafficType_5,0.003050015416121241,22,Oct
Month_Sep,0.002537281590757976,23,Oct
TrafficType_8,0.002374746659419595,24,Oct
TrafficType_20,0.0018066197360207263,25,Oct
Month_Jul,0.0016934143622358642,26,Oct
Region_4,0.0016814816435220814,27,Oct
Browser_4,0.0015882212405800345,28,Oct
Region_2,0.0015271462550452955,29,Oct
Browser_5,0.001174204423544851,30,Oct
TrafficType_10,0.0011432347404782173,31,Oct
Region_7,0.000983794009967436,32,Oct
Region_6,0.0009742607401479632,33,Oct
OperatingSystems_4,0.000951857224714873,34,Oct
TrafficType_11,0.0007516956605350222,35,Oct
Region_8,0.0007303495817374995,36,Oct
Region_5,0.0006422648378603939,37,Oct
Region_9,0.0006098412961850052,38,Oct
Browser_10,0.0006048868913090352,39,Oct
Month_Feb,0.000533384560174184,40,Oct
Month_June,0.000386778971133191,41,Oct
Browser_6,0.00038047511568960006,42,Oct
TrafficType_6,0.00037297264652595756,43,Oct
Browser_13,0.0002995708357377567,44,Oct
Browser_8,0.00024408333925463854,45,Oct
OperatingSystems_8,0.00019176792672316776,46,Oct
Browser_3,0.00018388265173494594,47,Oct
TrafficType_7,0.00015465368166227503,48,Oct
VisitorType_Other,0.00012616534170528779,49,Oct
Browser_7,2.7092588209843433e-05,50,Oct
TrafficType_9,2.6117875275502566e-05,51,Oct
TrafficType_15,1.9894537953294286e-05,52,Oct
TrafficType_19,4.7347552275221665e-06,53,Oct
OperatingSystems_6,1.6087979805866193e-06,54,Oct
TrafficType_18,5.881689418141095e-07,55,Oct
TrafficType_14,3.3664819525108455e-07,56,Oct
Month_Oct,0.0,57,Oct
Browser_9,0.0,58,Oct
OperatingSystems_7,0.0,59,Oct
OperatingSystems_5,0.0,60,Oct
Browser_12,0.0,61,Oct
Browser_11,0.0,62,Oct
TrafficType_12,0.0,63,Oct
TrafficType_17,0.0,64,Oct
TrafficType_16,0.0,65,Oct
ProductRelated_Duration,0.049762995733802697,1,Nov
VisitorType_Returning_Visitor,0.041028864160708355,2,Nov
ProductRelated,0.0341214852508061,3,Nov
Administrative_Duration,0.031425176865706964,4,Nov
Administrative,0.02898060077434838,5,Nov
TrafficType_2,0.026814818450849015,6,Nov
TrafficType_3,0.0164694610253051,7,Nov
Informational_Duration,0.01339447484523,8,Nov
OperatingSystems_3,0.013224573884661422,9,Nov
OperatingSystems_2,0.012450487119455511,10,Nov
TrafficType_13,0.01078250541941853,11,Nov
SpecialDay,0.007101724620494769,12,Nov
Informational,0.006728482103758341,13,Nov
Month_Oct,0.006672941623240768,14,Nov
Month_Mar,0.00618800509454345,15,Nov
Weekend,0.005798637787328367,16,Nov
Browser_2,0.004830275712733606,17,Nov
TrafficType_4,0.004805451364751895,18,Nov
Region_3,0.004527518977875199,19,Nov
Month_Dec,0.004351820741814139,20,Nov
Month_May,0.004278352532460712,21,Nov
Month_Sep,0.0034389917016202512,22,Nov
TrafficType_20,0.0027968490367346974,23,Nov
Region_4,0.00195344844121159,24,Nov
TrafficType_5,0.0018678732950416846,25,Nov
Month_Jul,0.0017511657001158128,26,Nov
Region_2,0.0017064392268171737,27,Nov
TrafficType_8,0.001658681295441695,28,Nov
Browser_4,0.0016299696284163342,29,Nov
Browser_5,0.0015805973694335155,30,Nov
Region_7,0.0013355435585053839,31,Nov
OperatingSystems_4,0.0013140786699093758,32,Nov
Region_9,0.0012315133515651015,33,Nov
Region_6,0.0011605804268120725,34,Nov
Browser_10,0.000991544714732982,35,Nov
Month_Feb,0.0008938683241030956,36,Nov
TrafficType_11,0.0008770460205405878,37,Nov
Region_8,0.0008301090138107755,38,Nov
TrafficType_10,0.000706222812206954,39,Nov
Region_5,0.0007041911219997867,40,Nov
TrafficType_6,0.0005449603662267264,41,Nov
Browser_6,0.00042114122556175334,42,Nov
Month_June,0.00041032217187175616,43,Nov
OperatingSystems_8,0.0003015251819565466,44,Nov
Browser_13,0.00028111061317179963,45,Nov
Browser_8,0.00017425633685284555,46,Nov
VisitorType_Other,0.00016939923046639733,47,Nov
Browser_3,0.00012649686115942781,48,Nov
TrafficType_7,0.00012523539252311751,49,Nov
TrafficType_15,5.013403389677499e-05,50,Nov
TrafficType_9,2.462309738819189e-05,51,Nov
Browser_7,1.7404304655151985e-05,52,Nov
TrafficType_14,1.8148206978079921e-06,53,Nov
TrafficType_19,1.4600927773076497e-06,54,Nov
OperatingSystems_6,1.3364439789491236e-06,55,Nov
TrafficType_18,5.06221980274458e-07,56,Nov
Month_Nov,0.0,57,Nov
Browser_9,0.0,58,Nov
OperatingSystems_7,0.0,59,Nov
OperatingSystems_5,0.0,60,Nov
Browser_12,0.0,61,Nov
Browser_11,0.0,62,Nov
TrafficType_12,0.0,63,Nov
TrafficType_17,0.0,64,Nov
TrafficType_16,0.0,65,Nov
ProductRelated_Duration,0.06038557828470386,1,Dec
Month_Nov,0.03639928909995099,2,Dec
VisitorType_Returning_Visitor,0.03555175926625328,3,Dec
ProductRelated,0.03392333504812963,4,Dec
TrafficType_2,0.0324080855770629,5,Dec
Administrative_Duration,0.02547608448690796,6,Dec
Administrative,0.024889336888043373,7,Dec
OperatingSystems_3,0.015671089158030803,8,Dec
Informational_Duration,0.011613358327323221,9,Dec
OperatingSystems_2,0.011577041053213746,10,Dec
Month_May,0.011429378465594078,11,Dec
Month_Mar,0.011311010196141193,12,Dec
TrafficType_3,0.011159635326442425,13,Dec
Informational,0.007688048010941208,14,Dec
SpecialDay,0.007632352452388578,15,Dec
TrafficType_13,0.0075526030663375975,16,Dec
Weekend,0.006525963082088939,17,Dec
TrafficType_8,0.004918765906144004,18,Dec
Month_Oct,0.004417533389602329,19,Dec
Browser_2,0.003728010618386231,20,Dec
Region_3,0.0027775947014643055,21,Dec
TrafficType_20,0.0027007957447535797,22,Dec
TrafficType_4,0.0026041334938194257,23,Dec
Month_Sep,0.0020965135165861327,24,Dec
TrafficType_10,0.0016256784153050744,25,Dec
Region_2,0.001576415291857951,26,Dec
TrafficType_5,0.001545356283985861,27,Dec
Region_4,0.001423629808625846,28,Dec
Region_7,0.0014113082541254022,29,Dec
Region_9,0.001379417257535683,30,Dec
OperatingSystems_4,0.0012639535644244223,31,Dec
TrafficType_11,0.001115009950182252,32,Dec
Month_Feb,0.0010910694713758705,33,Dec
Browser_4,0.001066758555703453,34,Dec
Region_6,0.0010532313221429802,35,Dec
Region_8,0.0009899628169599693,36,Dec
Browser_5,0.0009155643973821087,37,Dec
Month_Jul,0.0008956799708831685,38,Dec
Month_June,0.000652383745547139,39,Dec
Region_5,0.0004906698590905913,40,Dec
TrafficType_6,0.00048750767176839344,41,Dec
Browser_6,0.00043034992245301546,42,Dec
Browser_8,0.00031535441433619985,43,Dec
VisitorType_Other,0.00023855484888553015,44,Dec
Browser_3,0.00023382301531897564,45,Dec
Browser_10,0.00021196208261214746,46,Dec
TrafficType_7,0.00014310256424890727,47,Dec
TrafficType_15,3.622919582301427e-05,48,Dec
TrafficType_9,3.259779640353178e-05,49,Dec
Browser_7,1.7235553782683908e-05,50,Dec
OperatingSystems_8,6.726854816673632e-06,51,Dec
TrafficType_19,2.7591605069561218e-06,52,Dec
OperatingSystems_6,8.705989962628436e-07,53,Dec
TrafficType_14,4.148130038603451e-07,54,Dec
OperatingSystems_7,0.0,55,Dec
OperatingSystems_5,0.0,56,Dec
Month_Dec,0.0,57,Dec
Browser_9,0.0,58,Dec
Browser_11,0.0,59,Dec
Browser_12,0.0,60,Dec
Browser_13,0.0,61,Dec
TrafficType_12,0.0,62,Dec
TrafficType_18,0.0,63,Dec
TrafficType_16,0.0,64,Dec
TrafficType_17,0.0,65,Dec
