params,mean_test_score,std_test_score,rank_test_score
"{'colsample_bytree': 0.8, 'learning_rate': 0.05, 'max_depth': 4, 'n_estimators': 200, 'subsample': 0.8}",,,1
"{'colsample_bytree': 0.8, 'learning_rate': 0.05, 'max_depth': 4, 'n_estimators': 200, 'subsample': 0.9}",,,1
"{'colsample_bytree': 0.8, 'learning_rate': 0.05, 'max_depth': 4, 'n_estimators': 300, 'subsample': 0.8}",,,1
"{'colsample_bytree': 0.8, 'learning_rate': 0.05, 'max_depth': 4, 'n_estimators': 300, 'subsample': 0.9}",,,1
"{'colsample_bytree': 0.8, 'learning_rate': 0.05, 'max_depth': 4, 'n_estimators': 500, 'subsample': 0.8}",,,1
"{'colsample_bytree': 0.8, 'learning_rate': 0.05, 'max_depth': 4, 'n_estimators': 500, 'subsample': 0.9}",,,1
"{'colsample_bytree': 0.8, 'learning_rate': 0.05, 'max_depth': 6, 'n_estimators': 200, 'subsample': 0.8}",,,1
"{'colsample_bytree': 0.8, 'learning_rate': 0.05, 'max_depth': 6, 'n_estimators': 200, 'subsample': 0.9}",,,1
"{'colsample_bytree': 0.8, 'learning_rate': 0.05, 'max_depth': 6, 'n_estimators': 300, 'subsample': 0.8}",,,1
"{'colsample_bytree': 0.8, 'learning_rate': 0.05, 'max_depth': 6, 'n_estimators': 300, 'subsample': 0.9}",,,1
"{'colsample_bytree': 0.8, 'learning_rate': 0.05, 'max_depth': 6, 'n_estimators': 500, 'subsample': 0.8}",,,1
"{'colsample_bytree': 0.8, 'learning_rate': 0.05, 'max_depth': 6, 'n_estimators': 500, 'subsample': 0.9}",,,1
"{'colsample_bytree': 0.8, 'learning_rate': 0.05, 'max_depth': 8, 'n_estimators': 200, 'subsample': 0.8}",,,1
"{'colsample_bytree': 0.8, 'learning_rate': 0.05, 'max_depth': 8, 'n_estimators': 200, 'subsample': 0.9}",,,1
"{'colsample_bytree': 0.8, 'learning_rate': 0.05, 'max_depth': 8, 'n_estimators': 300, 'subsample': 0.8}",,,1
"{'colsample_bytree': 0.8, 'learning_rate': 0.05, 'max_depth': 8, 'n_estimators': 300, 'subsample': 0.9}",,,1
"{'colsample_bytree': 0.8, 'learning_rate': 0.05, 'max_depth': 8, 'n_estimators': 500, 'subsample': 0.8}",,,1
"{'colsample_bytree': 0.8, 'learning_rate': 0.05, 'max_depth': 8, 'n_estimators': 500, 'subsample': 0.9}",,,1
"{'colsample_bytree': 0.8, 'learning_rate': 0.1, 'max_depth': 4, 'n_estimators': 200, 'subsample': 0.8}",,,1
"{'colsample_bytree': 0.8, 'learning_rate': 0.1, 'max_depth': 4, 'n_estimators': 200, 'subsample': 0.9}",,,1
"{'colsample_bytree': 0.8, 'learning_rate': 0.1, 'max_depth': 4, 'n_estimators': 300, 'subsample': 0.8}",,,1
"{'colsample_bytree': 0.8, 'learning_rate': 0.1, 'max_depth': 4, 'n_estimators': 300, 'subsample': 0.9}",,,1
"{'colsample_bytree': 0.8, 'learning_rate': 0.1, 'max_depth': 4, 'n_estimators': 500, 'subsample': 0.8}",,,1
"{'colsample_bytree': 0.8, 'learning_rate': 0.1, 'max_depth': 4, 'n_estimators': 500, 'subsample': 0.9}",,,1
"{'colsample_bytree': 0.8, 'learning_rate': 0.1, 'max_depth': 6, 'n_estimators': 200, 'subsample': 0.8}",,,1
"{'colsample_bytree': 0.8, 'learning_rate': 0.1, 'max_depth': 6, 'n_estimators': 200, 'subsample': 0.9}",,,1
"{'colsample_bytree': 0.8, 'learning_rate': 0.1, 'max_depth': 6, 'n_estimators': 300, 'subsample': 0.8}",,,1
"{'colsample_bytree': 0.8, 'learning_rate': 0.1, 'max_depth': 6, 'n_estimators': 300, 'subsample': 0.9}",,,1
"{'colsample_bytree': 0.8, 'learning_rate': 0.1, 'max_depth': 6, 'n_estimators': 500, 'subsample': 0.8}",,,1
"{'colsample_bytree': 0.8, 'learning_rate': 0.1, 'max_depth': 6, 'n_estimators': 500, 'subsample': 0.9}",,,1
"{'colsample_bytree': 0.8, 'learning_rate': 0.1, 'max_depth': 8, 'n_estimators': 200, 'subsample': 0.8}",,,1
"{'colsample_bytree': 0.8, 'learning_rate': 0.1, 'max_depth': 8, 'n_estimators': 200, 'subsample': 0.9}",,,1
"{'colsample_bytree': 0.8, 'learning_rate': 0.1, 'max_depth': 8, 'n_estimators': 300, 'subsample': 0.8}",,,1
"{'colsample_bytree': 0.8, 'learning_rate': 0.1, 'max_depth': 8, 'n_estimators': 300, 'subsample': 0.9}",,,1
"{'colsample_bytree': 0.8, 'learning_rate': 0.1, 'max_depth': 8, 'n_estimators': 500, 'subsample': 0.8}",,,1
"{'colsample_bytree': 0.8, 'learning_rate': 0.1, 'max_depth': 8, 'n_estimators': 500, 'subsample': 0.9}",,,1
"{'colsample_bytree': 0.8, 'learning_rate': 0.2, 'max_depth': 4, 'n_estimators': 200, 'subsample': 0.8}",,,1
"{'colsample_bytree': 0.8, 'learning_rate': 0.2, 'max_depth': 4, 'n_estimators': 200, 'subsample': 0.9}",,,1
"{'colsample_bytree': 0.8, 'learning_rate': 0.2, 'max_depth': 4, 'n_estimators': 300, 'subsample': 0.8}",,,1
"{'colsample_bytree': 0.8, 'learning_rate': 0.2, 'max_depth': 4, 'n_estimators': 300, 'subsample': 0.9}",,,1
"{'colsample_bytree': 0.8, 'learning_rate': 0.2, 'max_depth': 4, 'n_estimators': 500, 'subsample': 0.8}",,,1
"{'colsample_bytree': 0.8, 'learning_rate': 0.2, 'max_depth': 4, 'n_estimators': 500, 'subsample': 0.9}",,,1
"{'colsample_bytree': 0.8, 'learning_rate': 0.2, 'max_depth': 6, 'n_estimators': 200, 'subsample': 0.8}",,,1
"{'colsample_bytree': 0.8, 'learning_rate': 0.2, 'max_depth': 6, 'n_estimators': 200, 'subsample': 0.9}",,,1
"{'colsample_bytree': 0.8, 'learning_rate': 0.2, 'max_depth': 6, 'n_estimators': 300, 'subsample': 0.8}",,,1
"{'colsample_bytree': 0.8, 'learning_rate': 0.2, 'max_depth': 6, 'n_estimators': 300, 'subsample': 0.9}",,,1
"{'colsample_bytree': 0.8, 'learning_rate': 0.2, 'max_depth': 6, 'n_estimators': 500, 'subsample': 0.8}",,,1
"{'colsample_bytree': 0.8, 'learning_rate': 0.2, 'max_depth': 6, 'n_estimators': 500, 'subsample': 0.9}",,,1
"{'colsample_bytree': 0.8, 'learning_rate': 0.2, 'max_depth': 8, 'n_estimators': 200, 'subsample': 0.8}",,,1
"{'colsample_bytree': 0.8, 'learning_rate': 0.2, 'max_depth': 8, 'n_estimators': 200, 'subsample': 0.9}",,,1
"{'colsample_bytree': 0.8, 'learning_rate': 0.2, 'max_depth': 8, 'n_estimators': 300, 'subsample': 0.8}",,,1
"{'colsample_bytree': 0.8, 'learning_rate': 0.2, 'max_depth': 8, 'n_estimators': 300, 'subsample': 0.9}",,,1
"{'colsample_bytree': 0.8, 'learning_rate': 0.2, 'max_depth': 8, 'n_estimators': 500, 'subsample': 0.8}",,,1
"{'colsample_bytree': 0.8, 'learning_rate': 0.2, 'max_depth': 8, 'n_estimators': 500, 'subsample': 0.9}",,,1
"{'colsample_bytree': 0.9, 'learning_rate': 0.05, 'max_depth': 4, 'n_estimators': 200, 'subsample': 0.8}",,,1
"{'colsample_bytree': 0.9, 'learning_rate': 0.05, 'max_depth': 4, 'n_estimators': 200, 'subsample': 0.9}",,,1
"{'colsample_bytree': 0.9, 'learning_rate': 0.05, 'max_depth': 4, 'n_estimators': 300, 'subsample': 0.8}",,,1
"{'colsample_bytree': 0.9, 'learning_rate': 0.05, 'max_depth': 4, 'n_estimators': 300, 'subsample': 0.9}",,,1
"{'colsample_bytree': 0.9, 'learning_rate': 0.05, 'max_depth': 4, 'n_estimators': 500, 'subsample': 0.8}",,,1
"{'colsample_bytree': 0.9, 'learning_rate': 0.05, 'max_depth': 4, 'n_estimators': 500, 'subsample': 0.9}",,,1
"{'colsample_bytree': 0.9, 'learning_rate': 0.05, 'max_depth': 6, 'n_estimators': 200, 'subsample': 0.8}",,,1
"{'colsample_bytree': 0.9, 'learning_rate': 0.05, 'max_depth': 6, 'n_estimators': 200, 'subsample': 0.9}",,,1
"{'colsample_bytree': 0.9, 'learning_rate': 0.05, 'max_depth': 6, 'n_estimators': 300, 'subsample': 0.8}",,,1
"{'colsample_bytree': 0.9, 'learning_rate': 0.05, 'max_depth': 6, 'n_estimators': 300, 'subsample': 0.9}",,,1
"{'colsample_bytree': 0.9, 'learning_rate': 0.05, 'max_depth': 6, 'n_estimators': 500, 'subsample': 0.8}",,,1
"{'colsample_bytree': 0.9, 'learning_rate': 0.05, 'max_depth': 6, 'n_estimators': 500, 'subsample': 0.9}",,,1
"{'colsample_bytree': 0.9, 'learning_rate': 0.05, 'max_depth': 8, 'n_estimators': 200, 'subsample': 0.8}",,,1
"{'colsample_bytree': 0.9, 'learning_rate': 0.05, 'max_depth': 8, 'n_estimators': 200, 'subsample': 0.9}",,,1
"{'colsample_bytree': 0.9, 'learning_rate': 0.05, 'max_depth': 8, 'n_estimators': 300, 'subsample': 0.8}",,,1
"{'colsample_bytree': 0.9, 'learning_rate': 0.05, 'max_depth': 8, 'n_estimators': 300, 'subsample': 0.9}",,,1
"{'colsample_bytree': 0.9, 'learning_rate': 0.05, 'max_depth': 8, 'n_estimators': 500, 'subsample': 0.8}",,,1
"{'colsample_bytree': 0.9, 'learning_rate': 0.05, 'max_depth': 8, 'n_estimators': 500, 'subsample': 0.9}",,,1
"{'colsample_bytree': 0.9, 'learning_rate': 0.1, 'max_depth': 4, 'n_estimators': 200, 'subsample': 0.8}",,,1
"{'colsample_bytree': 0.9, 'learning_rate': 0.1, 'max_depth': 4, 'n_estimators': 200, 'subsample': 0.9}",,,1
"{'colsample_bytree': 0.9, 'learning_rate': 0.1, 'max_depth': 4, 'n_estimators': 300, 'subsample': 0.8}",,,1
"{'colsample_bytree': 0.9, 'learning_rate': 0.1, 'max_depth': 4, 'n_estimators': 300, 'subsample': 0.9}",,,1
"{'colsample_bytree': 0.9, 'learning_rate': 0.1, 'max_depth': 4, 'n_estimators': 500, 'subsample': 0.8}",,,1
"{'colsample_bytree': 0.9, 'learning_rate': 0.1, 'max_depth': 4, 'n_estimators': 500, 'subsample': 0.9}",,,1
"{'colsample_bytree': 0.9, 'learning_rate': 0.1, 'max_depth': 6, 'n_estimators': 200, 'subsample': 0.8}",,,1
"{'colsample_bytree': 0.9, 'learning_rate': 0.1, 'max_depth': 6, 'n_estimators': 200, 'subsample': 0.9}",,,1
"{'colsample_bytree': 0.9, 'learning_rate': 0.1, 'max_depth': 6, 'n_estimators': 300, 'subsample': 0.8}",,,1
"{'colsample_bytree': 0.9, 'learning_rate': 0.1, 'max_depth': 6, 'n_estimators': 300, 'subsample': 0.9}",,,1
"{'colsample_bytree': 0.9, 'learning_rate': 0.1, 'max_depth': 6, 'n_estimators': 500, 'subsample': 0.8}",,,1
"{'colsample_bytree': 0.9, 'learning_rate': 0.1, 'max_depth': 6, 'n_estimators': 500, 'subsample': 0.9}",,,1
"{'colsample_bytree': 0.9, 'learning_rate': 0.1, 'max_depth': 8, 'n_estimators': 200, 'subsample': 0.8}",,,1
"{'colsample_bytree': 0.9, 'learning_rate': 0.1, 'max_depth': 8, 'n_estimators': 200, 'subsample': 0.9}",,,1
"{'colsample_bytree': 0.9, 'learning_rate': 0.1, 'max_depth': 8, 'n_estimators': 300, 'subsample': 0.8}",,,1
"{'colsample_bytree': 0.9, 'learning_rate': 0.1, 'max_depth': 8, 'n_estimators': 300, 'subsample': 0.9}",,,1
"{'colsample_bytree': 0.9, 'learning_rate': 0.1, 'max_depth': 8, 'n_estimators': 500, 'subsample': 0.8}",,,1
"{'colsample_bytree': 0.9, 'learning_rate': 0.1, 'max_depth': 8, 'n_estimators': 500, 'subsample': 0.9}",,,1
"{'colsample_bytree': 0.9, 'learning_rate': 0.2, 'max_depth': 4, 'n_estimators': 200, 'subsample': 0.8}",,,1
"{'colsample_bytree': 0.9, 'learning_rate': 0.2, 'max_depth': 4, 'n_estimators': 200, 'subsample': 0.9}",,,1
"{'colsample_bytree': 0.9, 'learning_rate': 0.2, 'max_depth': 4, 'n_estimators': 300, 'subsample': 0.8}",,,1
"{'colsample_bytree': 0.9, 'learning_rate': 0.2, 'max_depth': 4, 'n_estimators': 300, 'subsample': 0.9}",,,1
"{'colsample_bytree': 0.9, 'learning_rate': 0.2, 'max_depth': 4, 'n_estimators': 500, 'subsample': 0.8}",,,1
"{'colsample_bytree': 0.9, 'learning_rate': 0.2, 'max_depth': 4, 'n_estimators': 500, 'subsample': 0.9}",,,1
"{'colsample_bytree': 0.9, 'learning_rate': 0.2, 'max_depth': 6, 'n_estimators': 200, 'subsample': 0.8}",,,1
"{'colsample_bytree': 0.9, 'learning_rate': 0.2, 'max_depth': 6, 'n_estimators': 200, 'subsample': 0.9}",,,1
"{'colsample_bytree': 0.9, 'learning_rate': 0.2, 'max_depth': 6, 'n_estimators': 300, 'subsample': 0.8}",,,1
"{'colsample_bytree': 0.9, 'learning_rate': 0.2, 'max_depth': 6, 'n_estimators': 300, 'subsample': 0.9}",,,1
"{'colsample_bytree': 0.9, 'learning_rate': 0.2, 'max_depth': 6, 'n_estimators': 500, 'subsample': 0.8}",,,1
"{'colsample_bytree': 0.9, 'learning_rate': 0.2, 'max_depth': 6, 'n_estimators': 500, 'subsample': 0.9}",,,1
"{'colsample_bytree': 0.9, 'learning_rate': 0.2, 'max_depth': 8, 'n_estimators': 200, 'subsample': 0.8}",,,1
"{'colsample_bytree': 0.9, 'learning_rate': 0.2, 'max_depth': 8, 'n_estimators': 200, 'subsample': 0.9}",,,1
"{'colsample_bytree': 0.9, 'learning_rate': 0.2, 'max_depth': 8, 'n_estimators': 300, 'subsample': 0.8}",,,1
"{'colsample_bytree': 0.9, 'learning_rate': 0.2, 'max_depth': 8, 'n_estimators': 300, 'subsample': 0.9}",,,1
"{'colsample_bytree': 0.9, 'learning_rate': 0.2, 'max_depth': 8, 'n_estimators': 500, 'subsample': 0.8}",,,1
"{'colsample_bytree': 0.9, 'learning_rate': 0.2, 'max_depth': 8, 'n_estimators': 500, 'subsample': 0.9}",,,1
