feature,mean_abs_shap_rf,rank_rf,mean_abs_shap_xgb,rank_xgb
ProductRelated_Duration,0.0632988157799619,1,0.54425937,1
ProductRelated,0.0407309636968694,2,0.24586062,2
VisitorType_Returning_Visitor,0.0377727480561287,3,0.21830912,3
Administrative_Duration,0.0321290688210987,4,0.17082961,4
TrafficType_2,0.0289848009456429,5,0.12373079,6
Administrative,0.0287943779026998,6,0.16004872,5
TrafficType_3,0.0159420687291714,7,0.08404129,10
OperatingSystems_3,0.0148502936760013,8,0.0925446,9
Informational_Duration,0.0145886423722194,9,0.09267411,8
OperatingSystems_2,0.0120621286386164,10,0.045513276,15
Month_Mar,0.0096419574150797,11,0.10607287,7
SpecialDay,0.0090629351669596,12,0.06010344,13
TrafficType_13,0.0086463238538224,13,0.061779458,12
Informational,0.008185009635879,14,0.03094691,17
Month_May,0.0072104170210173,15,0.07969138,11
Weekend,0.0068982831713076,16,0.052160364,14
TrafficType_4,0.0063580973550305,17,0.030254342,18
Month_Sep,0.005761199450433,18,0.036772598,16
Region_3,0.0041751083742256,19,0.022654954,19
Browser_2,0.0041303297614776,20,0.007894347,25
TrafficType_5,0.0027984735632475,21,0.015258543,21
Month_Jul,0.0026627889008314,22,0.011594992,23
Region_2,0.0016813292975793,23,0.005219098,29
Region_4,0.001622430463029,24,0.0034548999,36
TrafficType_8,0.0016003353952875,25,0.019567871,20
Region_7,0.0015334360490604,26,0.0044125817,31
OperatingSystems_4,0.0014626752405809,27,0.008458354,24
Browser_4,0.0013944699121039,28,0.0019622997,42
Month_Feb,0.0013044446913702,29,0.013382488,22
Browser_5,0.0012385043546149,30,0.003733008,35
Region_6,0.0010815512484436,31,0.0024881081,39
Region_8,0.0008921714032657,32,0.00336702,38
TrafficType_11,0.0007164352100951,33,0.007817962,26
Region_9,0.0006810494611921,34,0.0034096243,37
TrafficType_6,0.0006710188372101,35,0.0022751298,40
Region_5,0.0006210992538293,36,0.0040712603,32
Month_June,0.0005562379030599,37,0.0039214026,33
Browser_10,0.0005217839209521,38,0.0018472832,43
Browser_6,0.0004679488572882,39,0.0051137684,30
TrafficType_10,0.000374782636847,40,0.0060062367,27
TrafficType_20,0.0002376891509504,41,0.0054535363,28
Browser_3,0.0001534837207402,42,0.0038039067,34
Browser_8,0.0001366107451704,43,0.0017565805,44
TrafficType_7,7.000485811347591e-05,44,0.00034979,46
TrafficType_15,6.883724743476996e-05,45,0.002211359,41
TrafficType_9,4.852129037413565e-05,46,0.00021460744,47
Browser_7,1.920097708736036e-05,47,0.0003532021,45
OperatingSystems_6,8.031140308507285e-06,48,0.0,51
TrafficType_19,5.283277118995983e-06,49,9.887294e-05,48
TrafficType_18,3.180622354324597e-06,50,0.0,62
TrafficType_14,2.1726898226015256e-06,51,0.0,60
OperatingSystems_7,0.0,52,0.0,52
OperatingSystems_5,0.0,53,0.0,54
Month_Nov,0.0,54,0.0,56
Month_Dec,0.0,55,0.0,55
Month_Oct,0.0,56,0.0,49
OperatingSystems_8,0.0,57,0.0,53
Browser_9,0.0,58,0.0,50
Browser_11,0.0,59,0.0,58
Browser_12,0.0,60,0.0,57
Browser_13,0.0,61,0.0,59
TrafficType_12,0.0,62,0.0,61
TrafficType_16,0.0,63,0.0,64
TrafficType_17,0.0,64,0.0,63
VisitorType_Other,0.0,65,0.0,65
