feature,mean_abs_shap,rank
ProductRelated_Duration,0.06329881577996192,1
ProductRelated,0.04073096369686946,2
VisitorType_Returning_Visitor,0.03777274805612874,3
Administrative_Duration,0.03212906882109877,4
TrafficType_2,0.028984800945642927,5
Administrative,0.028794377902699866,6
TrafficType_3,0.01594206872917148,7
OperatingSystems_3,0.01485029367600134,8
Informational_Duration,0.014588642372219494,9
OperatingSystems_2,0.012062128638616417,10
Month_Mar,0.009641957415079732,11
SpecialDay,0.009062935166959656,12
TrafficType_13,0.008646323853822425,13
Informational,0.008185009635879,14
Month_May,0.007210417021017399,15
Weekend,0.0068982831713076545,16
TrafficType_4,0.0063580973550305215,17
Month_Sep,0.005761199450433055,18
Region_3,0.004175108374225668,19
Browser_2,0.004130329761477669,20
TrafficType_5,0.0027984735632475394,21
Month_Jul,0.002662788900831464,22
Region_2,0.0016813292975793495,23
Region_4,0.0016224304630290565,24
TrafficType_8,0.001600335395287538,25
Region_7,0.001533436049060439,26
OperatingSystems_4,0.0014626752405809131,27
Browser_4,0.0013944699121039685,28
Month_Feb,0.0013044446913702795,29
Browser_5,0.0012385043546149382,30
Region_6,0.0010815512484436155,31
Region_8,0.0008921714032657252,32
TrafficType_11,0.0007164352100951382,33
Region_9,0.0006810494611921095,34
TrafficType_6,0.0006710188372101883,35
Region_5,0.0006210992538293233,36
Month_June,0.0005562379030599512,37
Browser_10,0.0005217839209521015,38
Browser_6,0.00046794885728828223,39
TrafficType_10,0.00037478263684701413,40
TrafficType_20,0.0002376891509504199,41
Browser_3,0.00015348372074021815,42
Browser_8,0.00013661074517043757,43
TrafficType_7,7.000485811347591e-05,44
TrafficType_15,6.883724743476996e-05,45
TrafficType_9,4.852129037413565e-05,46
Browser_7,1.9200977087360358e-05,47
OperatingSystems_6,8.031140308507285e-06,48
TrafficType_19,5.283277118995983e-06,49
TrafficType_18,3.180622354324597e-06,50
TrafficType_14,2.1726898226015256e-06,51
OperatingSystems_7,0.0,52
OperatingSystems_5,0.0,53
Month_Nov,0.0,54
Month_Dec,0.0,55
Month_Oct,0.0,56
OperatingSystems_8,0.0,57
Browser_9,0.0,58
Browser_11,0.0,59
Browser_12,0.0,60
Browser_13,0.0,61
TrafficType_12,0.0,62
TrafficType_16,0.0,63
TrafficType_17,0.0,64
VisitorType_Other,0.0,65
