top_k,RBO,p,Held_out_month
5,0.338,0.9,Feb
10,0.5293,0.9,Feb
all,0.8249,0.9,Feb
5,0.2478,0.9,Mar
10,0.4489,0.9,Mar
all,0.7341,0.9,Mar
5,0.2478,0.9,May
10,0.4489,0.9,May
all,0.7459,0.9,May
5,0.293,0.9,June
10,0.4941,0.9,June
all,0.7997,0.9,June
5,0.3062,0.9,Jul
10,0.5159,0.9,Jul
all,0.824,0.9,Jul
5,0.293,0.9,Aug
10,0.498,0.9,Aug
all,0.8023,0.9,Aug
5,0.3062,0.9,Sep
10,0.5111,0.9,Sep
all,0.8183,0.9,Sep
5,0.293,0.9,Oct
10,0.492,0.9,Oct
all,0.8063,0.9,Oct
5,0.3514,0.9,Nov
10,0.5872,0.9,Nov
all,0.9029,0.9,Nov
5,0.3062,0.9,Dec
10,0.5159,0.9,Dec
all,0.8168,0.9,Dec
