Feature,Mean |SHAP Value| (RF),% of Total Importance (RF)
PageValues,0.22886415390812567,44.00607107368593
Month_Nov,0.03943722453212334,7.583001864093636
ExitRates,0.03866686645492732,7.434877172138229
BounceRates,0.025747472978426576,4.950732154897849
ProductRelated_Duration,0.024039625667428413,4.622346739936978
ProductRelated,0.017412417745075907,3.348065128460972
Month_May,0.01660126307900029,3.192096055639699
Administrative,0.015836034834462498,3.0449577295117884
Administrative_Duration,0.013944664621040246,2.681284473489684
VisitorType_Returning_Visitor,0.012616973826864962,2.425995672449174
TrafficType_2,0.012273244908677818,2.3599033685845123
Month_Mar,0.008864036279315734,1.7043796673544933
Informational,0.005986001034976919,1.1509901506816933
Informational_Duration,0.005395293281488232,1.0374086791410004
TrafficType_3,0.005126742625277542,0.9857716749955775
SpecialDay,0.005049165003268744,0.9708550255790982
OperatingSystems_3,0.003911649062254597,0.752133104767444
OperatingSystems_2,0.0033060170317300293,0.6356819885718351
Weekend,0.003230456649398231,0.6211532146311908
TrafficType_8,0.0031619362089182154,0.6079780829110251
Month_Sep,0.0027760750457935146,0.5337845778160455
Browser_2,0.0026241750055646705,0.5045771905854106
Month_Dec,0.0025306611308067916,0.4865963135074608
TrafficType_13,0.0021564013986864103,0.41463353519347595
Month_Oct,0.002126096009918981,0.4088064055655197
Region_3,0.0016222234598664462,0.3119216340927777
TrafficType_5,0.0015528306375407655,0.298578760518555
Region_2,0.0015153340390259991,0.2913689028318651
Browser_4,0.001402506356739045,0.26967436080326884
TrafficType_4,0.0010945528560406732,0.21046096539944717
Region_4,0.0010895927936896339,0.20950724305969898
Month_Jul,0.0009417490628361181,0.18107980426406103
TrafficType_10,0.0008868303763501526,0.17052002205480754
TrafficType_11,0.0008677603242151729,0.1668532264675541
Browser_5,0.0008151655763317128,0.1567402918994292
Region_9,0.0007329119764878828,0.14092454400276572
Region_6,0.0006292103699068279,0.12098476666440074
TrafficType_20,0.0006157834865193165,0.11840304132839154
Region_7,0.0006107060517992096,0.11742675059281954
Browser_10,0.0005573674943738866,0.10717079609341418
Region_8,0.000537117487352805,0.10327711841171795
TrafficType_6,0.0004577078555492557,0.08800820957907902
OperatingSystems_4,0.00041381049851655694,0.07956761204320023
Month_Feb,0.00041279478927756346,0.07937231115313909
Month_June,0.00040955665753405736,0.07874968216901303
Region_5,0.00022943911516023411,0.04411662480301769
Browser_6,0.00018897992997727206,0.03633712002543864
OperatingSystems_8,0.00016468539760187205,0.03166575974398978
Browser_8,0.00013761018586046477,0.026459729564594518
Browser_13,0.00011360855196434131,0.02184468789432316
Browser_3,0.00010569547484148004,0.020323158950913436
TrafficType_7,6.821465341775473e-05,0.013116334888222041
VisitorType_Other,5.949883869213623e-05,0.011440455307557712
Browser_12,5.6381676802955464e-05,0.010841086444845641
Browser_7,4.500376796995204e-05,0.008653338576841524
TrafficType_15,2.027578746145637e-05,0.0038986347528323874
TrafficType_9,1.3033022769400767e-05,0.002505993693208302
TrafficType_14,8.132736883960386e-06,0.0015637651909561061
OperatingSystems_6,5.822247499981507e-06,0.0011195035697710444
OperatingSystems_7,4.475535642748494e-06,0.0008605573927783729
TrafficType_19,1.570231487198355e-06,0.000301924601331537
TrafficType_16,1.0778348928703044e-06,0.00020724643021374984
TrafficType_18,3.796049061191777e-07,7.299055004177878e-05
OperatingSystems_5,0.0,0.0
Browser_9,0.0,0.0
Browser_11,0.0,0.0
TrafficType_12,0.0,0.0
TrafficType_17,0.0,0.0
