Feature,Mean |SHAP Value|,% of Total Importance,Coefficient,Abs Coefficient,SHAP Rank,Coefficient Rank,Rank Difference
PageValues,1.0794604274990118,29.42,2.3169813342072056,2.3169813342072056,1.0,1.0,0.0
ExitRates,0.40560892072900573,11.05,-0.6219979841573432,0.6219979841573432,2.0,2.0,0.0
Month_May,0.36838878282921206,10.04,-0.4081426648780406,0.4081426648780406,3.0,3.0,0.0
Month_Mar,0.18073796385623236,4.93,-0.29843294476803095,0.29843294476803095,4.0,4.0,0.0
TrafficType_2,0.16242998980885406,4.43,0.1774588024530639,0.1774588024530639,5.0,8.0,3.0
Month_Dec,0.1609368735782833,4.39,-0.22169801638278597,0.22169801638278597,6.0,7.0,1.0
Month_Nov,0.1546536063233798,4.21,0.17392366666599443,0.17392366666599443,7.0,9.0,2.0
ProductRelated,0.09064078836045715,2.47,0.11920855547571035,0.11920855547571035,8.0,12.0,4.0
OperatingSystems_2,0.07875581620566997,2.15,0.07989081139539149,0.07989081139539149,9.0,25.0,16.0
Browser_2,0.07643918752380044,2.08,-0.0819405463873884,0.0819405463873884,10.0,21.0,11.0
ProductRelated_Duration,0.07119715065501568,1.94,0.11194470800878342,0.11194470800878342,11.0,13.0,2.0
BounceRates,0.06918614108764562,1.89,-0.1216816715140053,0.1216816715140053,12.0,11.0,1.0
Informational,0.06173470290195912,1.68,0.10578924104459958,0.10578924104459958,13.0,15.0,2.0
TrafficType_4,0.05012478513873658,1.37,0.08142545619407722,0.08142545619407722,14.0,22.0,8.0
Administrative,0.04868561931531375,1.33,0.06144367638206545,0.06144367638206545,15.0,30.0,15.0
TrafficType_8,0.04300134855642232,1.17,0.14210265731914157,0.14210265731914157,16.0,10.0,6.0
TrafficType_13,0.04235592653987463,1.15,-0.07993622482277771,0.07993622482277771,17.0,24.0,7.0
Weekend,0.0408526977359521,1.11,0.05046122679779452,0.05046122679779452,18.0,34.0,16.0
TrafficType_10,0.03810813238979516,1.04,0.09142835510706138,0.09142835510706138,19.0,20.0,1.0
Region_2,0.031438890647440675,0.86,0.057076603672271964,0.057076603672271964,20.0,32.0,12.0
Month_Feb,0.02922187012509454,0.8,-0.228996736717008,0.228996736717008,21.0,5.0,16.0
Region_4,0.0277443721529823,0.76,-0.04160852541769043,0.04160852541769043,22.0,41.0,19.0
Month_June,0.02760261511301564,0.75,-0.05768957266763489,0.05768957266763489,23.0,31.0,8.0
Region_9,0.026042311309109525,0.71,-0.06812891181677931,0.06812891181677931,24.0,27.0,3.0
TrafficType_5,0.02492144667720812,0.68,0.09699246952071564,0.09699246952071564,25.0,17.0,8.0
Browser_7,0.023819034979386654,0.65,-0.09470575986539626,0.09470575986539626,26.0,18.0,8.0
SpecialDay,0.0219893474143107,0.6,-0.03919523784359248,0.03919523784359248,27.0,42.0,15.0
TrafficType_20,0.021738927008007163,0.59,0.10161256586095875,0.10161256586095875,28.0,16.0,12.0
Month_Sep,0.020522526197163635,0.56,0.04910919852762802,0.04910919852762802,29.0,36.0,7.0
Region_8,0.015991362155402207,0.44,0.03812746657651104,0.03812746657651104,30.0,43.0,13.0
OperatingSystems_7,0.015416948791010604,0.42,0.02773306117184194,0.02773306117184194,31.0,48.0,17.0
TrafficType_3,0.015317660433537019,0.42,-0.017665816759756484,0.017665816759756484,32.0,52.0,20.0
Informational_Duration,0.0151700380914674,0.41,-0.04524077803960884,0.04524077803960884,33.0,39.0,6.0
TrafficType_11,0.014199548774726619,0.39,0.09373877951337034,0.09373877951337034,34.0,19.0,15.0
Browser_6,0.012827187161408347,0.35,-0.06453268307633941,0.06453268307633941,35.0,29.0,6.0
Region_5,0.011080572728887761,0.3,-0.04729422428146109,0.04729422428146109,36.0,37.0,1.0
Month_Oct,0.009231554106073769,0.25,-0.027333152509222282,0.027333152509222282,37.0,49.0,12.0
VisitorType_Returning_Visitor,0.008991538311623304,0.25,-0.012912256040963585,0.012912256040963585,38.0,54.0,16.0
TrafficType_15,0.008024496300581144,0.22,-0.2285302019935029,0.2285302019935029,39.0,6.0,33.0
Browser_3,0.007868962314448075,0.21,-0.0805685353878303,0.0805685353878303,40.0,23.0,17.0
OperatingSystems_8,0.006807091288726233,0.19,0.03785694790852944,0.03785694790852944,41.0,44.0,3.0
Administrative_Duration,0.0066200703752186275,0.18,0.013130697023495777,0.013130697023495777,42.0,53.0,11.0
Region_3,0.0064714107612272994,0.18,0.008859150441796908,0.008859150441796908,43.0,59.0,16.0
Browser_8,0.0058142054726820006,0.16,-0.053042305706499454,0.053042305706499454,44.0,33.0,11.0
Browser_10,0.004302402858096221,0.12,0.023659978448411566,0.023659978448411566,45.0,50.0,5.0
OperatingSystems_4,0.004300374074014366,0.12,-0.012546994631426186,0.012546994631426186,46.0,55.0,9.0
TrafficType_7,0.004199413680397661,0.11,0.02083113470754256,0.02083113470754256,47.0,51.0,4.0
TrafficType_19,0.003172629064993064,0.09,-0.07095959883738301,0.07095959883738301,48.0,26.0,22.0
Browser_12,0.002993585178822267,0.08,0.06552873319229982,0.06552873319229982,49.0,28.0,21.0
VisitorType_Other,0.0025554962548747276,0.07,-0.04943445813636744,0.04943445813636744,50.0,35.0,15.0
Browser_5,0.002009552691584896,0.05,-0.006213536961557681,0.006213536961557681,51.0,61.0,10.0
Browser_4,0.0018316308246076147,0.05,-0.0036727962028989887,0.0036727962028989887,52.0,63.0,11.0
TrafficType_18,0.0014652174615295904,0.04,-0.10909168840874145,0.10909168840874145,53.0,14.0,39.0
OperatingSystems_3,0.0012141818491155198,0.03,0.0016462832395206135,0.0016462832395206135,54.0,65.0,11.0
Region_7,0.0009914034595360352,0.03,-0.002433526160218316,0.002433526160218316,55.0,64.0,9.0
OperatingSystems_6,0.0009215264923705612,0.03,-0.04712965576054726,0.04712965576054726,56.0,38.0,18.0
Browser_13,0.000532962676731101,0.01,-0.010574862699623317,0.010574862699623317,57.0,56.0,1.0
TrafficType_9,0.00024322549179982703,0.01,0.003848242285518081,0.003848242285518081,58.0,62.0,4.0
TrafficType_6,0.00019106119761656097,0.01,0.0006245498944413174,0.0006245498944413174,59.0,66.0,7.0
OperatingSystems_5,0.00016426996362636797,0.0,-0.009118000362335473,0.009118000362335473,60.5,57.5,3.0
Browser_11,0.00016426996362636797,0.0,-0.009118000362335473,0.009118000362335473,60.5,57.5,3.0
TrafficType_14,8.984659066190522e-05,0.0,0.007723149384028061,0.007723149384028061,62.0,60.0,2.0
Region_6,4.061895761303577e-05,0.0,-7.417367427361296e-05,7.417367427361296e-05,63.0,68.0,5.0
Month_Jul,4.013185525441295e-05,0.0,-0.00013569718170907612,0.00013569718170907612,64.0,67.0,3.0
TrafficType_16,2.000021415131961e-18,0.0,0.04434360959961401,0.04434360959961401,65.0,40.0,25.0
Browser_9,4.404050746639637e-19,0.0,-0.036268034379862174,0.036268034379862174,66.0,45.0,21.0
TrafficType_12,4.2977119479483433e-19,0.0,-0.03539231803853684,0.03539231803853684,67.0,46.0,21.0
TrafficType_17,3.997265974870188e-19,0.0,-0.028803336887881885,0.028803336887881885,68.0,47.0,21.0
