Feature,Mean |SHAP Value| (XGB)
PageValues,2.3818898
Month_May,0.7021403
ExitRates,0.55518585
Month_Nov,0.3953146
Month_Mar,0.380153
ProductRelated_Duration,0.30363765
BounceRates,0.23373963
ProductRelated,0.21366698
Administrative_Duration,0.21320328
Administrative,0.13650706
Informational,0.08148023
VisitorType_Returning_Visitor,0.07961471
TrafficType_2,0.07943164
Informational_Duration,0.079320975
Month_Dec,0.0728071
TrafficType_13,0.060351897
OperatingSystems_3,0.0537521
Browser_2,0.04601267
TrafficType_3,0.04454172
OperatingSystems_2,0.038997263
Weekend,0.033944372
TrafficType_8,0.0323544
Region_3,0.030442392
Month_Sep,0.026472112
Region_7,0.025714532
Month_Feb,0.024865221
Browser_5,0.0243444
TrafficType_11,0.021914836
Region_4,0.020131202
TrafficType_4,0.019642916
Browser_4,0.01851656
Month_Oct,0.018183555
TrafficType_10,0.017917044
Region_5,0.015859947
Browser_6,0.015505572
TrafficType_20,0.014994133
SpecialDay,0.012696873
Region_9,0.012671485
Region_2,0.012212521
Region_6,0.011920418
OperatingSystems_4,0.011470379
Region_8,0.01120545
TrafficType_6,0.010463546
Month_Jul,0.0098677585
Browser_7,0.009595214
Browser_10,0.009528363
Browser_8,0.007815535
TrafficType_5,0.007145584
Month_June,0.005078851
Browser_12,0.0050472463
VisitorType_Other,0.004945527
Browser_3,0.0035239318
OperatingSystems_8,0.001031599
OperatingSystems_6,0.00085240346
TrafficType_16,0.0005303698
OperatingSystems_7,0.0005201543
Browser_13,0.00041436008
TrafficType_7,0.00022779772
Browser_9,0.0
OperatingSystems_5,0.0
Browser_11,0.0
TrafficType_14,0.0
TrafficType_9,0.0
TrafficType_12,0.0
TrafficType_18,0.0
TrafficType_17,0.0
TrafficType_15,0.0
TrafficType_19,0.0
