Feature,Mean |SHAP Value|,% of Total Importance,Mean |SHAP Value| (RF),% of Total Importance (RF),LR SHAP Rank,RF SHAP Rank,Rank Difference
PageValues,1.0794604274990118,29.42,0.22886415390812567,44.00607107368593,1.0,1.0,0.0
ExitRates,0.4056089207290057,11.05,0.03866686645492732,7.434877172138229,2.0,3.0,1.0
Month_May,0.368388782829212,10.04,0.01660126307900029,3.192096055639699,3.0,7.0,4.0
Month_Mar,0.1807379638562323,4.93,0.008864036279315734,1.7043796673544933,4.0,12.0,8.0
TrafficType_2,0.162429989808854,4.43,0.012273244908677818,2.3599033685845123,5.0,11.0,6.0
Month_Dec,0.1609368735782833,4.39,0.0025306611308067916,0.4865963135074608,6.0,23.0,17.0
Month_Nov,0.1546536063233798,4.21,0.03943722453212334,7.583001864093636,7.0,2.0,5.0
ProductRelated,0.0906407883604571,2.47,0.017412417745075907,3.348065128460972,8.0,6.0,2.0
OperatingSystems_2,0.0787558162056699,2.15,0.0033060170317300293,0.6356819885718351,9.0,18.0,9.0
Browser_2,0.0764391875238004,2.08,0.0026241750055646705,0.5045771905854106,10.0,22.0,12.0
ProductRelated_Duration,0.0711971506550156,1.94,0.024039625667428413,4.622346739936978,11.0,5.0,6.0
BounceRates,0.0691861410876456,1.89,0.025747472978426576,4.950732154897849,12.0,4.0,8.0
Informational,0.0617347029019591,1.68,0.005986001034976919,1.1509901506816933,13.0,13.0,0.0
TrafficType_4,0.0501247851387365,1.37,0.0010945528560406732,0.21046096539944717,14.0,30.0,16.0
Administrative,0.0486856193153137,1.33,0.015836034834462498,3.0449577295117884,15.0,8.0,7.0
TrafficType_8,0.0430013485564223,1.17,0.0031619362089182154,0.6079780829110251,16.0,20.0,4.0
TrafficType_13,0.0423559265398746,1.15,0.0021564013986864103,0.41463353519347595,17.0,24.0,7.0
Weekend,0.0408526977359521,1.11,0.003230456649398231,0.6211532146311908,18.0,19.0,1.0
TrafficType_10,0.0381081323897951,1.04,0.0008868303763501526,0.17052002205480754,19.0,33.0,14.0
Region_2,0.0314388906474406,0.86,0.0015153340390259991,0.2913689028318651,20.0,28.0,8.0
Month_Feb,0.0292218701250945,0.8,0.00041279478927756346,0.07937231115313909,21.0,44.0,23.0
Region_4,0.0277443721529823,0.76,0.0010895927936896339,0.20950724305969898,22.0,31.0,9.0
Month_June,0.0276026151130156,0.75,0.00040955665753405736,0.07874968216901303,23.0,45.0,22.0
Region_9,0.0260423113091095,0.71,0.0007329119764878828,0.14092454400276572,24.0,36.0,12.0
TrafficType_5,0.0249214466772081,0.68,0.0015528306375407655,0.298578760518555,25.0,27.0,2.0
Browser_7,0.0238190349793866,0.65,4.500376796995204e-05,0.008653338576841524,26.0,55.0,29.0
SpecialDay,0.0219893474143107,0.6,0.005049165003268744,0.9708550255790982,27.0,16.0,11.0
TrafficType_20,0.0217389270080071,0.59,0.0006157834865193165,0.11840304132839154,28.0,38.0,10.0
Month_Sep,0.0205225261971636,0.56,0.0027760750457935146,0.5337845778160455,29.0,21.0,8.0
Region_8,0.0159913621554022,0.44,0.000537117487352805,0.10327711841171795,30.0,41.0,11.0
OperatingSystems_7,0.0154169487910106,0.42,4.475535642748494e-06,0.0008605573927783729,31.0,60.0,29.0
TrafficType_3,0.015317660433537,0.42,0.005126742625277542,0.9857716749955775,32.0,15.0,17.0
Informational_Duration,0.0151700380914674,0.41,0.005395293281488232,1.0374086791410004,33.0,14.0,19.0
TrafficType_11,0.0141995487747266,0.39,0.0008677603242151729,0.1668532264675541,34.0,34.0,0.0
Browser_6,0.0128271871614083,0.35,0.00018897992997727206,0.03633712002543864,35.0,47.0,12.0
Region_5,0.0110805727288877,0.3,0.00022943911516023411,0.04411662480301769,36.0,46.0,10.0
Month_Oct,0.0092315541060737,0.25,0.002126096009918981,0.4088064055655197,37.0,25.0,12.0
VisitorType_Returning_Visitor,0.0089915383116233,0.25,0.012616973826864962,2.425995672449174,38.0,10.0,28.0
TrafficType_15,0.0080244963005811,0.22,2.027578746145637e-05,0.0038986347528323874,39.0,56.0,17.0
Browser_3,0.007868962314448,0.21,0.00010569547484148004,0.020323158950913436,40.0,51.0,11.0
OperatingSystems_8,0.0068070912887262,0.19,0.00016468539760187205,0.03166575974398978,41.0,48.0,7.0
Administrative_Duration,0.0066200703752186,0.18,0.013944664621040246,2.681284473489684,42.0,9.0,33.0
Region_3,0.0064714107612272,0.18,0.0016222234598664462,0.3119216340927777,43.0,26.0,17.0
Browser_8,0.005814205472682,0.16,0.00013761018586046477,0.026459729564594518,44.0,49.0,5.0
Browser_10,0.0043024028580962,0.12,0.0005573674943738866,0.10717079609341418,45.0,40.0,5.0
OperatingSystems_4,0.0043003740740143,0.12,0.00041381049851655694,0.07956761204320023,46.0,43.0,3.0
TrafficType_7,0.0041994136803976,0.11,6.821465341775473e-05,0.013116334888222041,47.0,52.0,5.0
TrafficType_19,0.003172629064993,0.09,1.570231487198355e-06,0.000301924601331537,48.0,61.0,13.0
Browser_12,0.0029935851788222,0.08,5.6381676802955464e-05,0.010841086444845641,49.0,54.0,5.0
VisitorType_Other,0.0025554962548747,0.07,5.949883869213623e-05,0.011440455307557712,50.0,53.0,3.0
Browser_5,0.0020095526915848,0.05,0.0008151655763317128,0.1567402918994292,51.0,35.0,16.0
Browser_4,0.0018316308246076,0.05,0.001402506356739045,0.26967436080326884,52.0,29.0,23.0
TrafficType_18,0.0014652174615295,0.04,3.796049061191777e-07,7.299055004177878e-05,53.0,63.0,10.0
OperatingSystems_3,0.0012141818491155,0.03,0.003911649062254597,0.752133104767444,54.0,17.0,37.0
Region_7,0.000991403459536,0.03,0.0006107060517992096,0.11742675059281954,55.0,39.0,16.0
OperatingSystems_6,0.0009215264923705,0.03,5.822247499981507e-06,0.0011195035697710444,56.0,59.0,3.0
Browser_13,0.0005329626767311,0.01,0.00011360855196434131,0.02184468789432316,57.0,50.0,7.0
TrafficType_9,0.0002432254917998,0.01,1.3033022769400767e-05,0.002505993693208302,58.0,57.0,1.0
TrafficType_6,0.0001910611976165,0.01,0.0004577078555492557,0.08800820957907902,59.0,42.0,17.0
OperatingSystems_5,0.0001642699636263,0.0,0.0,0.0,60.5,66.0,5.5
Browser_11,0.0001642699636263,0.0,0.0,0.0,60.5,66.0,5.5
TrafficType_14,8.984659066190522e-05,0.0,8.132736883960386e-06,0.0015637651909561061,62.0,58.0,4.0
Region_6,4.061895761303577e-05,0.0,0.0006292103699068279,0.12098476666440074,63.0,37.0,26.0
Month_Jul,4.013185525441295e-05,0.0,0.0009417490628361181,0.18107980426406103,64.0,32.0,32.0
TrafficType_16,2.000021415131961e-18,0.0,1.0778348928703044e-06,0.00020724643021374984,65.0,62.0,3.0
Browser_9,4.404050746639637e-19,0.0,0.0,0.0,66.0,66.0,0.0
TrafficType_12,4.2977119479483433e-19,0.0,0.0,0.0,67.0,66.0,1.0
TrafficType_17,3.997265974870188e-19,0.0,0.0,0.0,68.0,66.0,2.0
