feature,RF Mean |SHAP|,RF Rank (leakage-free),XGBoost Mean |SHAP|,XGBoost Rank (leakage-free),Rank Difference (RF vs XGBoost)
ProductRelated_Duration,0.06284914324313,1,0.8301117,1,0
Month_Nov,0.038468574451184,2,0.17234412,7,5
ProductRelated,0.0360727698030751,3,0.34974185,2,1
Administrative_Duration,0.0325366180315111,4,0.29691976,3,1
TrafficType_2,0.0289647855151045,5,0.17726518,6,1
VisitorType_Returning_Visitor,0.0276458217304024,6,0.16801946,8,2
Administrative,0.0269756882705276,7,0.16030864,9,2
OperatingSystems_2,0.0127136203460226,8,0.10615717,11,3
SpecialDay,0.0123738518576644,9,0.09097036,13,4
OperatingSystems_3,0.0120998589543595,10,0.07921124,15,5
TrafficType_3,0.0119444701093609,11,0.06319631,17,6
Month_Mar,0.01057069955229,12,0.19489549,4,8
Month_May,0.0104902760402233,13,0.17938189,5,8
Informational_Duration,0.0104395654984707,14,0.09242577,12,2
Weekend,0.0081748115876288,15,0.06486953,16,1
Informational,0.0074442596180797,16,0.04919097,18,2
Month_Dec,0.0065459373181387,17,0.12985551,10,7
TrafficType_13,0.0061708839906839,18,0.08218876,14,4
Month_Oct,0.0055634797680011,19,0.038788144,21,2
TrafficType_8,0.0045664619101643,20,0.035497557,23,3
Browser_2,0.0045334130743894,21,0.04599352,19,2
TrafficType_4,0.0034595199434052,22,0.037293267,22,0
Region_3,0.0031885767536081,23,0.033968028,24,1
Month_Sep,0.002774286145582,24,0.03299005,25,1
Region_2,0.0021364988224331,25,0.020690668,28,3
Region_4,0.0021121089514852,26,0.018729554,30,4
TrafficType_5,0.0020439586349244,27,0.017472487,32,5
TrafficType_20,0.001935117443722,28,0.024576653,26,2
Browser_4,0.0019002828296708,29,0.012589281,40,11
TrafficType_10,0.0018341624533522,30,0.022890469,27,3
Region_7,0.001633985811974,31,0.017050277,33,2
Region_6,0.0014618763798887,32,0.013606351,39,7
OperatingSystems_4,0.0013914276493875,33,0.014749118,35,2
Browser_5,0.0013567208744612,34,0.014449017,37,3
Month_Feb,0.0012756144758301,35,0.04346607,20,15
Region_9,0.0010477282042815,36,0.017480312,31,5
Month_Jul,0.000959630654227,37,0.010782744,42,5
TrafficType_6,0.0009594430405936,38,0.008718028,46,8
TrafficType_11,0.0009528464807825,39,0.018949157,29,10
Browser_10,0.0009475841681685,40,0.010385593,44,4
Region_8,0.0009222238896699,41,0.01389778,38,3
Month_June,0.0008831076611047,42,0.01515005,34,8
Region_5,0.0005780138150155,43,0.007327988,47,4
Browser_6,0.0004137389618772,44,0.014623302,36,8
Browser_13,0.000306288098175,45,0.0002463773,57,12
Browser_8,0.000274932654281,46,0.010757622,43,3
OperatingSystems_8,0.0002682560434666,47,0.0013844393,52,5
Browser_3,0.0002294948081472,48,0.009848273,45,3
TrafficType_7,0.0001882779618884,49,0.0031479315,49,0
VisitorType_Other,0.0001341237102169,50,0.0013853009,51,1
Browser_7,8.07451318252362e-05,51,0.010994474,41,10
TrafficType_15,5.90558128350819e-05,52,0.0037800046,48,4
TrafficType_9,4.364142801009761e-05,53,0.0010102871,54,1
Browser_12,1.6710848179219565e-05,54,0.002670843,50,4
TrafficType_19,4.454655509261957e-06,55,0.0013254959,53,2
TrafficType_14,4.436792210200597e-06,56,0.0002978554,56,0
OperatingSystems_6,2.691226083527373e-06,57,0.0004142473,55,2
TrafficType_16,2.6461074499962515e-06,58,0.0,64,6
TrafficType_18,7.789062162316283e-07,59,0.0,63,4
OperatingSystems_5,0.0,60,0.0,60,0
OperatingSystems_7,0.0,61,0.0,59,2
Browser_9,0.0,62,0.0,58,4
Browser_11,0.0,63,0.0,61,2
TrafficType_12,0.0,64,0.0,62,2
TrafficType_17,0.0,65,0.0,65,0
