Feature,Mean |SHAP Value|,% of Total Importance
PageValues,1.0794604274990118,29.42
ExitRates,0.40560892072900573,11.05
Month_May,0.36838878282921206,10.04
Month_Mar,0.18073796385623236,4.93
TrafficType_2,0.16242998980885406,4.43
Month_Dec,0.1609368735782833,4.39
Month_Nov,0.1546536063233798,4.21
ProductRelated,0.09064078836045715,2.47
OperatingSystems_2,0.07875581620566997,2.15
Browser_2,0.07643918752380044,2.08
ProductRelated_Duration,0.07119715065501568,1.94
BounceRates,0.06918614108764562,1.89
Informational,0.06173470290195912,1.68
TrafficType_4,0.05012478513873658,1.37
Administrative,0.04868561931531375,1.33
TrafficType_8,0.04300134855642232,1.17
TrafficType_13,0.04235592653987463,1.15
Weekend,0.0408526977359521,1.11
TrafficType_10,0.03810813238979516,1.04
Region_2,0.031438890647440675,0.86
Month_Feb,0.02922187012509454,0.8
Region_4,0.0277443721529823,0.76
Month_June,0.02760261511301564,0.75
Region_9,0.026042311309109525,0.71
TrafficType_5,0.02492144667720812,0.68
Browser_7,0.023819034979386654,0.65
SpecialDay,0.0219893474143107,0.6
TrafficType_20,0.021738927008007163,0.59
Month_Sep,0.020522526197163635,0.56
Region_8,0.015991362155402207,0.44
OperatingSystems_7,0.015416948791010604,0.42
TrafficType_3,0.015317660433537019,0.42
Informational_Duration,0.0151700380914674,0.41
TrafficType_11,0.014199548774726619,0.39
Browser_6,0.012827187161408347,0.35
Region_5,0.011080572728887761,0.3
Month_Oct,0.009231554106073769,0.25
VisitorType_Returning_Visitor,0.008991538311623304,0.25
TrafficType_15,0.008024496300581144,0.22
Browser_3,0.007868962314448075,0.21
OperatingSystems_8,0.006807091288726233,0.19
Administrative_Duration,0.0066200703752186275,0.18
Region_3,0.0064714107612272994,0.18
Browser_8,0.0058142054726820006,0.16
Browser_10,0.004302402858096221,0.12
OperatingSystems_4,0.004300374074014366,0.12
TrafficType_7,0.004199413680397661,0.11
TrafficType_19,0.003172629064993064,0.09
Browser_12,0.002993585178822267,0.08
VisitorType_Other,0.0025554962548747276,0.07
Browser_5,0.002009552691584896,0.05
Browser_4,0.0018316308246076147,0.05
TrafficType_18,0.0014652174615295904,0.04
OperatingSystems_3,0.0012141818491155198,0.03
Region_7,0.0009914034595360352,0.03
OperatingSystems_6,0.0009215264923705612,0.03
Browser_13,0.000532962676731101,0.01
TrafficType_9,0.00024322549179982703,0.01
TrafficType_6,0.00019106119761656097,0.01
OperatingSystems_5,0.00016426996362636797,0.0
Browser_11,0.00016426996362636797,0.0
TrafficType_14,8.984659066190522e-05,0.0
Region_6,4.061895761303577e-05,0.0
Month_Jul,4.013185525441295e-05,0.0
TrafficType_16,2.000021415131961e-18,0.0
Browser_9,4.404050746639637e-19,0.0
TrafficType_12,4.2977119479483433e-19,0.0
TrafficType_17,3.997265974870188e-19,0.0
