Feature,Cluster
OperatingSystems_5,1
Browser_11,1
TrafficType_14,2
OperatingSystems_6,3
TrafficType_15,4
Browser_7,5
Region_3,6
Region_4,7
Region_2,8
Region_6,9
Region_7,10
Region_8,11
Region_5,12
Browser_13,13
OperatingSystems_8,13
VisitorType_Other,14
TrafficType_20,15
Region_9,16
Month_Sep,17
TrafficType_5,18
Informational_Duration,19
Informational,19
Administrative_Duration,20
Administrative,20
ProductRelated,21
ProductRelated_Duration,21
PageValues,22
BounceRates,23
ExitRates,24
VisitorType_Returning_Visitor,25
TrafficType_2,26
TrafficType_3,27
TrafficType_4,28
TrafficType_13,29
Month_Feb,30
SpecialDay,31
Month_May,32
Month_Nov,33
Month_Mar,34
Month_Dec,35
Month_Oct,36
Month_Jul,37
TrafficType_10,38
TrafficType_8,39
TrafficType_6,40
Month_June,41
Weekend,42
TrafficType_9,43
Browser_8,44
TrafficType_11,45
OperatingSystems_2,46
OperatingSystems_3,47
Browser_2,48
Browser_4,49
Browser_5,50
OperatingSystems_4,51
Browser_3,52
Browser_10,53
Browser_6,54
TrafficType_19,55
TrafficType_7,56
TrafficType_18,57
OperatingSystems_7,58
Browser_12,59
TrafficType_16,60
Browser_9,61
TrafficType_12,62
TrafficType_17,63
