ROC_AUC,PR_AUC,F1_default,MCC_default,F1_tuned,MCC_tuned,Tuned_threshold,Brier,ECE,Fold,Model
0.9139980824544583,0.6881588631321774,0.6466809421841542,0.58299638611912,0.6541176470588236,0.5878753715367014,0.5499999999999999,0.1127226297849697,0.1782639209618399,0,Logistic Regression (baseline)
0.9140434980067618,0.6885446743747233,0.648068669527897,0.5845768275462655,0.6572769953051644,0.591752836661036,0.5499999999999999,0.11265368061104487,0.17809054027356602,0,Logistic Regression (tuned)
0.9335822778422566,0.7649971379744878,0.7025641025641025,0.6470311666792307,0.7025641025641025,0.6470311666792307,0.49999999999999994,0.07111522761645085,0.052148558967271726,0,Random Forest (baseline)
0.9340566180552051,0.7666768680553534,0.710997442455243,0.6569580086474895,0.710997442455243,0.6569580086474895,0.49999999999999994,0.07080618923918787,0.051572688303911846,0,Random Forest (tuned)
0.9067971943281021,0.6587573141958974,0.6075949367088608,0.5347848914609828,0.6370757180156658,0.5703744115493474,0.6,0.11581722245691621,0.17423113504400745,1,Logistic Regression (baseline)
0.9068678407427966,0.6588806993484808,0.6063157894736843,0.5333062152800762,0.6370757180156658,0.5703744115493474,0.6,0.11575724672629752,0.17404409786944208,1,Logistic Regression (tuned)
0.9385174345259121,0.7327042186447024,0.705,0.6492112329224133,0.705,0.6492112329224133,0.49999999999999994,0.07158093382015367,0.05834118548731446,1,Random Forest (baseline)
0.9387646969773427,0.7365175803605071,0.6965174129353234,0.6389860457800718,0.6965174129353234,0.6389860457800718,0.49999999999999994,0.07138942079924149,0.05568101651473102,1,Random Forest (tuned)
0.9088743957954397,0.6634575831724058,0.6347826086956522,0.5662490094311274,0.6448598130841121,0.5761861939650552,0.5499999999999999,0.1183849922892477,0.18212224115397727,2,Logistic Regression (baseline)
0.9088995186461798,0.6639600945303745,0.6347826086956522,0.5662490094311274,0.6448598130841121,0.5761861939650552,0.5499999999999999,0.1183142615758655,0.18191964552052564,2,Logistic Regression (tuned)
0.9400367798534836,0.7452392919516547,0.6925064599483204,0.635353342382254,0.6972972972972973,0.644397418121146,0.5499999999999999,0.06984639040133968,0.04362571103654454,2,Random Forest (baseline)
0.9398207233371184,0.7465957973924324,0.689119170984456,0.631481866056928,0.689119170984456,0.631481866056928,0.49999999999999994,0.06971197950393597,0.04344497960852289,2,Random Forest (tuned)
0.888268633618394,0.6404202953726106,0.5856832971800434,0.5050306777326491,0.5942028985507246,0.5151405343694688,0.5499999999999999,0.12382221747888472,0.17619122939366363,3,Logistic Regression (baseline)
0.8883138547497262,0.6406683864257761,0.5869565217391305,0.5065467782655059,0.5942028985507246,0.5151405343694688,0.5499999999999999,0.12378155823181089,0.1760175212382237,3,Logistic Regression (tuned)
0.9254806001346585,0.728406751345242,0.6424870466321243,0.5761928246219589,0.6424870466321243,0.5761928246219589,0.49999999999999994,0.07689830784340035,0.047163831378068705,3,Random Forest (baseline)
0.9260835485524213,0.7285932608971128,0.6424870466321243,0.5761928246219589,0.6424870466321243,0.5761928246219589,0.49999999999999994,0.07698672576941622,0.04754365474314164,3,Random Forest (tuned)
0.9034981057370541,0.7003274477510592,0.6233766233766234,0.552238708971023,0.6456310679611651,0.5772074142910562,0.5499999999999999,0.11562004008804111,0.17883933512033517,4,Logistic Regression (baseline)
0.9035232285877942,0.7003169619874343,0.6233766233766234,0.552238708971023,0.6456310679611651,0.5772074142910562,0.5499999999999999,0.11555204489178686,0.17866995097015634,4,Logistic Regression (tuned)
0.9301233029514324,0.7600282219093706,0.6982543640897756,0.6408415270900791,0.6945169712793734,0.6383514871377266,0.5499999999999999,0.07276291277656512,0.05039013183744066,4,Random Forest (baseline)
0.930017786978324,0.7589025877004358,0.6982543640897756,0.6408415270900791,0.6979166666666666,0.6422150188132145,0.5499999999999999,0.07278684516374795,0.05188141990137038,4,Random Forest (tuned)
0.8904392479223403,0.6264217446422136,0.5877551020408164,0.5108836323592912,0.6,0.5217986926478858,0.6,0.13345337627279485,0.19386625710244504,5,Logistic Regression (baseline)
0.8904894936238205,0.6264702341254657,0.5877551020408164,0.5108836323592912,0.5934065934065934,0.5142326410209669,0.5499999999999999,0.1334372380717656,0.19374224451829017,5,Logistic Regression (tuned)
0.936755735546824,0.7432181539991584,0.6873508353221957,0.6275043845499655,0.672686230248307,0.6112604942594939,0.44999999999999996,0.07488895628951442,0.06062898835889764,5,Random Forest (baseline)
0.9369215463617089,0.7429973970214679,0.6872037914691943,0.6274239847440416,0.6772727272727272,0.6165884676464772,0.44999999999999996,0.07457891689734705,0.06074872601906474,5,Random Forest (tuned)
0.9036036217101626,0.6418466628065302,0.6260162601626016,0.5602949594840082,0.628992628992629,0.5574956076393883,0.6,0.12476791252154229,0.18922470978617517,6,Logistic Regression (baseline)
0.903633769131051,0.6424194139280556,0.6260162601626016,0.5602949594840082,0.628992628992629,0.5574956076393883,0.6,0.12471135443700616,0.18906192155690654,6,Logistic Regression (tuned)
0.9233250595411563,0.733968668072446,0.6617283950617284,0.5968899721478672,0.6617283950617284,0.5968899721478672,0.49999999999999994,0.07831352389587988,0.05928241966820914,6,Random Forest (baseline)
0.9240335239320276,0.7313109707977847,0.6683168316831684,0.6048442221136653,0.6683168316831684,0.6048442221136653,0.49999999999999994,0.07859117748980776,0.060014088303267536,6,Random Forest (tuned)
0.9223201455115515,0.7108312531430091,0.6224066390041494,0.5538698592459627,0.6994818652849741,0.6437683197091434,0.65,0.11516443158033132,0.18959924909431025,7,Logistic Regression (baseline)
0.9223452683622916,0.7108648495523545,0.6224066390041494,0.5538698592459627,0.6994818652849741,0.6437683197091434,0.65,0.11510275563476773,0.18943584655482693,7,Logistic Regression (tuned)
0.9409512516204238,0.7881317677109375,0.7213930348258707,0.6684707067116372,0.7213930348258707,0.6684707067116372,0.49999999999999994,0.06828621263735767,0.05922284093116047,7,Random Forest (baseline)
0.940559335148878,0.7911672327343998,0.7281795511221946,0.6766195485028963,0.7281795511221946,0.6766195485028963,0.49999999999999994,0.06828306502326258,0.05962369944608347,7,Random Forest (tuned)
0.9056435971902604,0.5972040181198679,0.5995623632385121,0.5220360030229332,0.6105263157894737,0.5395898985192056,0.65,0.12043415457413532,0.17665722625139724,8,Logistic Regression (baseline)
0.9057038920320366,0.5973081756888633,0.5995623632385121,0.5220360030229332,0.6141732283464567,0.5436728252482268,0.65,0.12034513067760906,0.17641121265767426,8,Logistic Regression (tuned)
0.9243751947020933,0.7284749571988395,0.6717948717948717,0.6103498411498314,0.6318681318681318,0.5692600744723054,0.5499999999999999,0.07638785906068297,0.044863931526352645,8,Random Forest (baseline)
0.9244505632543136,0.7273015381467561,0.6701030927835051,0.6086253653287564,0.6485013623978202,0.5878418092325423,0.5499999999999999,0.0764154062699489,0.04523891115575279,8,Random Forest (tuned)
0.8969058697028469,0.6120295563350399,0.6050420168067226,0.5309344218553558,0.6374695863746959,0.5674298805065159,0.6,0.12678516008806742,0.18923670287477173,9,Logistic Regression (baseline)
0.8969963119655114,0.6121239850482898,0.6050420168067226,0.5309344218553558,0.6374695863746959,0.5674298805065159,0.6,0.12673041593871295,0.18906594200566756,9,Logistic Regression (tuned)
0.9304699982916462,0.7475222645504082,0.6730769230769231,0.6102161588936544,0.6757990867579908,0.6145861766902924,0.44999999999999996,0.07599072420353635,0.06150178952903848,9,Random Forest (baseline)
0.9303695068886857,0.7477249048744558,0.6763285024154589,0.6141435301785976,0.6651376146788991,0.6013522929652975,0.44999999999999996,0.07568577703765263,0.06266095646689826,9,Random Forest (tuned)
0.8913306756824948,0.6701441856664033,0.6049382716049383,0.5332288315584431,0.6515151515151515,0.585656500933995,0.6,0.12557516735815244,0.19132863066542136,10,Logistic Regression (baseline)
0.8911389211283242,0.6702167903823737,0.6049382716049383,0.5332288315584431,0.6515151515151515,0.585656500933995,0.6,0.12560334842285661,0.19121612963557397,10,Logistic Regression (tuned)
0.9201796437402231,0.7319650182905892,0.6855670103092784,0.6270740430536387,0.6628895184135978,0.609383603369948,0.6,0.07735377565251882,0.05742865047445513,10,Random Forest (baseline)
0.9209971236816874,0.7333395892910989,0.6820512820512821,0.6226564848935586,0.6609686609686609,0.6079723474060755,0.6,0.07716124092250128,0.05897114613341457,10,Random Forest (tuned)
0.8894434071756572,0.6037548790325996,0.5738045738045738,0.4928253459099492,0.582716049382716,0.5024608844649278,0.6,0.12875340155498297,0.18621710691531385,11,Logistic Regression (baseline)
0.8895947923500025,0.6039294930183905,0.5738045738045738,0.4928253459099492,0.582716049382716,0.5024608844649278,0.6,0.12868797512321078,0.18603300945318074,11,Logistic Regression (tuned)
0.9223595902507948,0.7427306098498873,0.6596858638743456,0.5973193118957476,0.6617283950617284,0.5971872742123008,0.44999999999999996,0.07593312129098576,0.05157526562490744,11,Random Forest (baseline)
0.9220013120048444,0.7406410573228405,0.6561679790026247,0.5933416136103659,0.6535626535626535,0.5872968431289733,0.44999999999999996,0.07602820051743382,0.051680988694800575,11,Random Forest (tuned)
0.9181698505692838,0.6339508995596217,0.6448979591836734,0.5841039379128401,0.6784810126582278,0.6177113643810369,0.65,0.12118242109800882,0.19299254551889486,12,Logistic Regression (baseline)
0.9182251208409121,0.6341062052362725,0.6448979591836734,0.5841039379128401,0.6784810126582278,0.6177113643810369,0.65,0.12108460183607059,0.19278716868298373,12,Logistic Regression (tuned)
0.9462220257057007,0.7648534355309584,0.7169811320754716,0.6636563166138725,0.7042889390519187,0.6501717995362848,0.44999999999999996,0.07048224701145069,0.06327772943838929,12,Random Forest (baseline)
0.9469706866577564,0.7659653750079605,0.7152941176470589,0.6616825888836134,0.7152941176470589,0.6616825888836134,0.49999999999999994,0.07012971901005313,0.06344473316960834,12,Random Forest (tuned)
0.9031664841072846,0.6104996700985912,0.6160337552742616,0.5445582318775425,0.6439024390243903,0.5752169842634604,0.6,0.1238566185969846,0.18660695675884553,13,Logistic Regression (baseline)
0.9031966315281728,0.6106146337412188,0.6160337552742616,0.5445582318775425,0.6423357664233577,0.5732844702880656,0.6,0.1237894573032304,0.186411025898666,13,Logistic Regression (tuned)
0.9427098511722322,0.7918079139109092,0.6939759036144578,0.6354284388641306,0.6972010178117048,0.6402046498998771,0.5499999999999999,0.07122054631032562,0.06458356100716756,13,Random Forest (baseline)
0.9429862025303736,0.7929552479245054,0.6908212560386473,0.6316146470860909,0.6908212560386473,0.6316146470860909,0.49999999999999994,0.07154157024210323,0.0657293736106325,13,Random Forest (tuned)
0.9150546170775089,0.659212550480693,0.6304801670146137,0.5636225774327871,0.6544622425629291,0.588345828509561,0.5499999999999999,0.11738068572956221,0.1836228178821511,14,Logistic Regression (baseline)
0.915074715358101,0.6591209309632058,0.6317991631799164,0.5651268171226065,0.6881188118811881,0.628562471831127,0.6,0.11730205034387156,0.18343184231807796,14,Logistic Regression (tuned)
0.9441569273748631,0.7730438819004096,0.7032418952618454,0.646804530658882,0.7149532710280374,0.661515841225248,0.44999999999999996,0.06828220912744158,0.053955040902830376,14,Random Forest (baseline)
0.943709740631689,0.7717244889792223,0.7,0.642984540452838,0.7162790697674418,0.6633182572181372,0.44999999999999996,0.06847138439671396,0.05198302088659494,14,Random Forest (tuned)
0.9050657716232378,0.670084136884743,0.6277056277056277,0.5576517379489409,0.6278481012658228,0.5573874156188342,0.6,0.11909322476491846,0.18154938583330937,15,Logistic Regression (baseline)
0.9050908944739778,0.6699285143179393,0.6277056277056277,0.5576517379489409,0.6278481012658228,0.5573874156188342,0.6,0.11902904450026289,0.18135910313301615,15,Logistic Regression (tuned)
0.9347006863562822,0.7615685130572236,0.7040816326530612,0.6484926436250407,0.7040816326530612,0.6484926436250407,0.49999999999999994,0.07067789317277061,0.04789349434494458,15,Random Forest (baseline)
0.9340474922370391,0.7612333436021509,0.7058823529411765,0.6507390337046298,0.7058823529411765,0.6507390337046298,0.49999999999999994,0.07093779644321167,0.04866339788314012,15,Random Forest (tuned)
0.8898965943463537,0.640491686216044,0.5900216919739696,0.5104509051395721,0.6246851385390428,0.5533532492105648,0.6,0.12236508478820507,0.1760637080546472,16,Logistic Regression (baseline)
0.8899166926269457,0.6405111430294388,0.5900216919739696,0.5104509051395721,0.6246851385390428,0.5533532492105648,0.6,0.12231569027648094,0.17587535443010102,16,Logistic Regression (tuned)
0.9190039292138558,0.7143498734688338,0.6548223350253807,0.589645091431582,0.6548223350253807,0.589645091431582,0.49999999999999994,0.07949763477694295,0.04832685144511217,16,Random Forest (baseline)
0.9185466933303855,0.7126732737960427,0.6515151515151515,0.5854669668059842,0.6523809523809524,0.5852032713341603,0.44999999999999996,0.07962969393190697,0.05002663288828569,16,Random Forest (tuned)
0.9301434012320245,0.733406390385055,0.6838709677419355,0.62843581417082,0.6629526462395543,0.6075085593217422,0.7,0.10963688343201156,0.17726487856957707,17,Logistic Regression (baseline)
0.9301986715036528,0.733598680006245,0.6838709677419355,0.62843581417082,0.675,0.6131128763968645,0.6,0.10954847813157635,0.17704154957769,17,Logistic Regression (tuned)
0.9502768538151561,0.7872534452799306,0.7230769230769231,0.6712790762274535,0.7230769230769231,0.6712790762274535,0.49999999999999994,0.06428975900311132,0.04547808181533503,17,Random Forest (baseline)
0.9505934017344817,0.7888729350294782,0.717948717948718,0.6651861527196913,0.728110599078341,0.6782121257229864,0.39999999999999997,0.06395752288173605,0.04386634162562443,17,Random Forest (tuned)
0.8930871963903488,0.6168183556511234,0.5889830508474576,0.5101681231228004,0.5958549222797928,0.5209037831869897,0.6,0.12189906377695166,0.1761594602122488,18,Logistic Regression (baseline)
0.893137442091829,0.6168368364097216,0.5889830508474576,0.5101681231228004,0.5958549222797928,0.5209037831869897,0.6,0.12185626580255088,0.17600348575870423,18,Logistic Regression (tuned)
0.9178231552290702,0.7191249126194702,0.6467661691542289,0.5791942146935577,0.6597402597402597,0.5968197279633783,0.5499999999999999,0.08125686131226446,0.05102624514488156,18,Random Forest (baseline)
0.9178734009305504,0.7174018753794748,0.6482412060301508,0.5813413144378516,0.6527415143603134,0.5888946269452422,0.5499999999999999,0.08117010567888205,0.05122716436219521,18,Random Forest (tuned)
0.9063319633005397,0.6856757075916361,0.6177105831533477,0.5452660643220293,0.636144578313253,0.5656655932224821,0.5499999999999999,0.11736042270381544,0.17810181878517187,19,Logistic Regression (baseline)
0.9063671352915758,0.68578101558391,0.6177105831533477,0.5452660643220293,0.636144578313253,0.5656655932224821,0.5499999999999999,0.1173209104812069,0.1779403814744563,19,Logistic Regression (tuned)
0.9366200721528273,0.7413254242981204,0.6751269035532995,0.6138222853305259,0.6751269035532995,0.6138222853305259,0.49999999999999994,0.07231577413709332,0.04798818455582554,19,Random Forest (baseline)
0.9366703178543077,0.7437819856804986,0.681704260651629,0.6211980562397745,0.681704260651629,0.6211980562397745,0.49999999999999994,0.07215764372020833,0.04724267212254592,19,Random Forest (tuned)
0.8975374678306505,0.6155592190811167,0.6053169734151329,0.5342166888892934,0.6132075471698113,0.5381600175480103,0.6,0.13225318471658407,0.19705009112334088,20,Logistic Regression (baseline)
0.8975879295554322,0.6156494659096869,0.6040816326530613,0.5328045809329383,0.6132075471698113,0.5381600175480103,0.6,0.1322165038267701,0.19689893194073993,20,Logistic Regression (tuned)
0.9226774991169199,0.6935770390780613,0.6650602409638554,0.6009558727443122,0.6493506493506493,0.5855544653358294,0.39999999999999997,0.08100951469193898,0.06296797757476273,20,Random Forest (baseline)
0.9236665489226422,0.6954669374383691,0.6618705035971223,0.5971107787929805,0.6520787746170679,0.5882284701812607,0.39999999999999997,0.08059704586429792,0.06296602929035777,20,Random Forest (tuned)
0.9201039511530504,0.7089584105583455,0.6697674418604651,0.6071790487430896,0.6736292428198434,0.6136503842108547,0.6,0.10488089941683303,0.16454737511407186,21,Logistic Regression (baseline)
0.9201443205328758,0.709148734894239,0.6697674418604651,0.6071790487430896,0.6736292428198434,0.6136503842108547,0.6,0.10480802997999075,0.16435335545631813,21,Logistic Regression (tuned)
0.9457284149972246,0.8037115204868914,0.703125,0.6484263465625848,0.703125,0.6484263465625848,0.49999999999999994,0.06432908285085229,0.04184466772831708,21,Random Forest (baseline)
0.9453297673714488,0.8018519667601274,0.7,0.6453499520613615,0.7,0.6453499520613615,0.49999999999999994,0.0645008746192095,0.04275339667677659,21,Random Forest (tuned)
0.9072464350674799,0.6766356356853696,0.6086956521739131,0.5365797371641509,0.6719160104986877,0.611967409246168,0.65,0.12152030454859425,0.1886205263252494,22,Logistic Regression (baseline)
0.9073117544794044,0.6767377010427966,0.6086956521739131,0.5365797371641509,0.6701570680628273,0.6096964154716564,0.65,0.12145945291587233,0.18842937335667143,22,Logistic Regression (tuned)
0.9357759443679594,0.7538086302818671,0.696969696969697,0.6396522758971254,0.696969696969697,0.6396522758971254,0.49999999999999994,0.07360851728639899,0.05962773369614072,22,Random Forest (baseline)
0.9364844087588308,0.7542605971944206,0.6917293233082706,0.6331695661388624,0.6917293233082706,0.6331695661388624,0.49999999999999994,0.07353239775572759,0.05946037752310844,22,Random Forest (tuned)
0.9045130689069549,0.6744567195721055,0.6160337552742616,0.5445582318775425,0.6346666666666667,0.5693126513639231,0.65,0.12018714392546664,0.18201747510237007,23,Logistic Regression (baseline)
0.9045633146084353,0.6745924365166676,0.6160337552742616,0.5445582318775425,0.6346666666666667,0.5693126513639231,0.65,0.12013800937805362,0.18185081899427175,23,Logistic Regression (tuned)
0.927912492086302,0.7411279677388697,0.6601941747572816,0.5947400575062725,0.6601941747572816,0.5947400575062725,0.49999999999999994,0.07777924908899109,0.05958017250862436,23,Random Forest (baseline)
0.9282943594175519,0.7416479187131337,0.6699029126213593,0.6064284863164167,0.6699029126213593,0.6064284863164167,0.49999999999999994,0.07760599042261353,0.06136713101540278,23,Random Forest (tuned)
0.878164223050718,0.5961624007006007,0.5805084745762712,0.49948075189356367,0.6307692307692307,0.5616064530877337,0.6,0.1270444257452969,0.17974165278459237,24,Logistic Regression (baseline)
0.8782797881641226,0.5963365826461507,0.5805084745762712,0.49948075189356367,0.6050420168067226,0.5403802901403071,0.7,0.12697801550174645,0.1795710091078411,24,Logistic Regression (tuned)
0.9186672830139382,0.7308520429568209,0.6633165829145728,0.599333127708481,0.665083135391924,0.6005924566903985,0.44999999999999996,0.07779116427869207,0.05122482924733994,24,Random Forest (baseline)
0.9187476761363065,0.7292839213264549,0.6683291770573566,0.605063505677262,0.6666666666666666,0.6024954291576897,0.44999999999999996,0.07764884016685067,0.05122061768791273,24,Random Forest (tuned)
0.9097938921325281,0.6695320274084611,0.6284501061571125,0.55979261848338,0.644808743169399,0.583812104764866,0.65,0.11695472494603558,0.18173866316541373,25,Logistic Regression (baseline)
0.9098843343951926,0.6697797154985979,0.6297872340425532,0.5613308022446934,0.644808743169399,0.583812104764866,0.65,0.11688501872087867,0.18154732612162117,25,Logistic Regression (tuned)
0.9475384630844832,0.7819424143012204,0.7154046997389034,0.6630799172339688,0.7154046997389034,0.6630799172339688,0.49999999999999994,0.06637235152437328,0.05236759638674765,25,Random Forest (baseline)
0.9476188562068515,0.7855447746877018,0.7191601049868767,0.6678447961535744,0.7192118226600985,0.6657700672902104,0.44999999999999996,0.06649328829780775,0.050912326620335055,25,Random Forest (tuned)
0.9113565334485636,0.6636008001829132,0.6160337552742616,0.5445582318775425,0.6433915211970075,0.5752484878332476,0.6,0.1192801877170068,0.18441005849511236,26,Logistic Regression (baseline)
0.9113816562993036,0.6636366759328867,0.6189473684210526,0.5483840800477158,0.6433915211970075,0.5752484878332476,0.6,0.11922663667768361,0.18425084473864695,26,Logistic Regression (tuned)
0.9418004039754398,0.7747433774904152,0.6632911392405063,0.5996141797523761,0.6684491978609626,0.6094014600908888,0.5499999999999999,0.07067718158759353,0.056143358431549134,26,Random Forest (baseline)
0.9428455145662289,0.776560605404197,0.6700251889168766,0.6074331904369369,0.6700251889168766,0.6074331904369369,0.49999999999999994,0.07029973604806296,0.0568150293121348,26,Random Forest (tuned)
0.9101104400518536,0.6813003319253526,0.6237006237006237,0.5553484331751031,0.6504854368932039,0.5830516286961283,0.6,0.1213906308051721,0.18823770358374098,27,Logistic Regression (baseline)
0.9100652189205214,0.6813990035197345,0.6237006237006237,0.5553484331751031,0.6504854368932039,0.5830516286961283,0.6,0.12135706266040538,0.18807184158458512,27,Logistic Regression (tuned)
0.9345298509712494,0.7751896609235607,0.6965174129353234,0.6387118760389441,0.6965174129353234,0.6387118760389441,0.49999999999999994,0.071060697399365,0.057632797909934134,27,Random Forest (baseline)
0.9349921114248676,0.7753932729125173,0.6851385390428212,0.6254598375123942,0.6861702127659575,0.6298394848853919,0.5499999999999999,0.07084066334928975,0.05583590807034249,27,Random Forest (tuned)
0.9017495553255418,0.6216548409248948,0.6331236897274634,0.5666376298139553,0.65,0.583241212340891,0.6,0.12074321226736295,0.1808439639699174,28,Logistic Regression (baseline)
0.9018198993076143,0.621776042241017,0.6331236897274634,0.5666376298139553,0.65,0.583241212340891,0.6,0.12068156355051868,0.18066379905619384,28,Logistic Regression (tuned)
0.9339218779833386,0.7490681554340717,0.6898263027295285,0.6306548105673994,0.6898263027295285,0.6306548105673994,0.49999999999999994,0.07181907304371875,0.05304863882151757,28,Random Forest (baseline)
0.9341982293414798,0.7471784924299999,0.685,0.6250615420192539,0.685,0.6250615420192539,0.49999999999999994,0.07201309657365122,0.05235947244012003,28,Random Forest (tuned)
0.9017194079046538,0.6344141512077253,0.5921325051759835,0.5154892657410953,0.6104218362282878,0.5356048995480811,0.6,0.12303619450834444,0.18397986114828907,29,Logistic Regression (baseline)
0.9017294570449498,0.6345283945117332,0.5921325051759835,0.5154892657410953,0.6197916666666666,0.5496794991149433,0.65,0.12297678663642228,0.1838011133758931,29,Logistic Regression (tuned)
0.9198128850076877,0.7223736775804839,0.68,0.6190872092080593,0.68,0.6190872092080593,0.49999999999999994,0.07688216124768012,0.05113459447566611,29,Random Forest (baseline)
0.9213403543326868,0.7251152540589483,0.6867167919799498,0.6271838111893185,0.6754617414248021,0.6165568004943036,0.5499999999999999,0.07677446934689712,0.05178387755515091,29,Random Forest (tuned)
0.9038603219458042,0.6414972180996543,0.6242038216560509,0.5553253613721291,0.6534653465346535,0.5873385447537373,0.6,0.11743645286140479,0.17380425719755663,30,Logistic Regression (baseline)
0.9038905989806731,0.6415181182168371,0.6242038216560509,0.5553253613721291,0.6534653465346535,0.5873385447537373,0.6,0.11737145895275507,0.17361466216684257,30,Logistic Regression (tuned)
0.939461068779331,0.7493118413682673,0.6989795918367347,0.642573725045851,0.6989795918367347,0.642573725045851,0.49999999999999994,0.06987699337604765,0.04548605108981072,30,Random Forest (baseline)
0.9385376192158249,0.7452717009298251,0.6956521739130435,0.6387136962831941,0.6990291262135923,0.6418858847936597,0.44999999999999996,0.07016772402787273,0.04735204571607821,30,Random Forest (tuned)
0.9093303729121461,0.6321596814986769,0.6129753914988815,0.5386417792484989,0.5966850828729282,0.5283917701635431,0.65,0.11826866733260705,0.17669752629607413,31,Logistic Regression (baseline)
0.9093505576020589,0.6322105741164653,0.6129753914988815,0.5386417792484989,0.5966850828729282,0.5283917701635431,0.65,0.11820234882544778,0.17651342776491313,31,Logistic Regression (tuned)
0.9365746581218146,0.7499501898242013,0.6666666666666666,0.6047808753762007,0.6553398058252428,0.5892678569625334,0.44999999999999996,0.07237285100340016,0.05181903189547447,31,Random Forest (baseline)
0.9366907200888126,0.7515019741779414,0.6649484536082474,0.6026002466293531,0.6649484536082474,0.6026002466293531,0.49999999999999994,0.07212520475219475,0.048511883806213095,31,Random Forest (tuned)
0.8887158203615682,0.5971209167865689,0.5720250521920668,0.48945255317782405,0.6045454545454545,0.5272506594403512,0.5499999999999999,0.13142709475516184,0.19122266105855204,32,Logistic Regression (baseline)
0.8887861643436404,0.5971846994079825,0.5720250521920668,0.48945255317782405,0.5960591133004927,0.5180772335678674,0.6,0.13135739156147358,0.19100769907689763,32,Logistic Regression (tuned)
0.9094773442132026,0.6874204772540723,0.6374695863746959,0.5674298805065159,0.6374695863746959,0.5674298805065159,0.49999999999999994,0.08520756121978774,0.05434351659709541,32,Random Forest (baseline)
0.9095074916340907,0.6941580868357206,0.6388206388206388,0.5692894461580102,0.6388206388206388,0.5692894461580102,0.49999999999999994,0.0851229097282588,0.05636175320153028,32,Random Forest (tuned)
0.9133311895167369,0.67277215906895,0.6313559322033898,0.5636049792689838,0.6666666666666666,0.6038668385006851,0.6,0.11737470798281627,0.18221790984230077,33,Logistic Regression (baseline)
0.9133814352182171,0.6728212354816858,0.6313559322033898,0.5636049792689838,0.6666666666666666,0.6038668385006851,0.6,0.1173140634840514,0.1820598106894704,33,Logistic Regression (tuned)
0.9432474801780707,0.7639272056004331,0.7012345679012346,0.6442387247234339,0.7012345679012346,0.6442387247234339,0.49999999999999994,0.06938923230331963,0.058029464564373065,33,Random Forest (baseline)
0.9433178241601431,0.7642645665707114,0.6977886977886978,0.6400524772697425,0.6977886977886978,0.6400524772697425,0.49999999999999994,0.06931461244857494,0.05818054603801756,33,Random Forest (tuned)
0.907688597240506,0.6578968125526045,0.6377440347071583,0.5700734066157259,0.6106442577030813,0.5469474302154416,0.7,0.11726794679703277,0.17914045070669804,34,Logistic Regression (baseline)
0.9077388429419865,0.658004939285195,0.6377440347071583,0.5700734066157259,0.6462264150943396,0.5777696332766423,0.5499999999999999,0.1172025542366707,0.17897415907251987,34,Logistic Regression (tuned)
0.9360171237350645,0.7843975897177817,0.6851385390428212,0.6254598375123942,0.6923076923076923,0.6334302133937393,0.44999999999999996,0.06951672088328202,0.0506696735399273,34,Random Forest (baseline)
0.9365447036006069,0.7849937221663333,0.6886075949367089,0.6297761541334774,0.69377990430622,0.6352519440553798,0.44999999999999996,0.06928742136782354,0.05142237176677769,34,Random Forest (tuned)
0.8965641989327814,0.651651896020874,0.6118721461187214,0.5361793937298556,0.6145251396648045,0.551098916310969,0.65,0.11325815928948492,0.16716398135816624,35,Logistic Regression (baseline)
0.8965842972133734,0.6524485448686451,0.6118721461187214,0.5361793937298556,0.6162464985994398,0.553514570290576,0.65,0.1132063015766921,0.1669884036926563,35,Logistic Regression (tuned)
0.9336455266251972,0.7694110306263452,0.6910994764397905,0.63447759544171,0.6910994764397905,0.63447759544171,0.49999999999999994,0.06983401830619147,0.0481475720222353,35,Random Forest (baseline)
0.9325099737717438,0.7663827973733147,0.6858638743455497,0.6282823004491965,0.6745562130177515,0.6310597623337038,0.6,0.07020578054009258,0.04905410812296293,35,Random Forest (tuned)
0.9214458703057953,0.6959524189311403,0.6349206349206349,0.5743499624306524,0.6463700234192038,0.5779986239648148,0.6,0.12243194196074593,0.19830185198051678,36,Logistic Regression (baseline)
0.9214760177266835,0.6961264779048153,0.6349206349206349,0.5743499624306524,0.6594360086767896,0.5971745436503412,0.5499999999999999,0.12237493589561511,0.19813613937072527,36,Logistic Regression (tuned)
0.9440614605420506,0.781427602422738,0.7170731707317073,0.6631926896390398,0.7185354691075515,0.6668720027398969,0.44999999999999996,0.06921314847640693,0.06713962541992355,36,Random Forest (baseline)
0.9448905146164744,0.78367817107645,0.7153284671532847,0.6611033170113112,0.7153284671532847,0.6611033170113112,0.49999999999999994,0.06895885076272575,0.06657086640844437,36,Random Forest (tuned)
0.9032368280893569,0.6855109563104388,0.6233766233766234,0.552238708971023,0.6395939086294417,0.5715121960073741,0.6,0.12076628704240155,0.18502151434268602,37,Logistic Regression (baseline)
0.903231803519209,0.6856336894957863,0.6233766233766234,0.552238708971023,0.6395939086294417,0.5715121960073741,0.6,0.12070586677009376,0.18484448064216868,37,Logistic Regression (tuned)
0.933600305493865,0.764816778914005,0.6818181818181818,0.6215905062000784,0.6818181818181818,0.6215905062000784,0.49999999999999994,0.07377899301211431,0.053876299921025,37,Random Forest (baseline)
0.9334646420998683,0.7677591309800357,0.681704260651629,0.6211980562397745,0.681704260651629,0.6211980562397745,0.49999999999999994,0.07358346743100194,0.05423917731579241,37,Random Forest (tuned)
0.8986544201143591,0.6502354337275105,0.6163522012578616,0.5453946948865669,0.6341463414634146,0.5703520808785092,0.65,0.1218032742503675,0.18343988679455814,38,Logistic Regression (baseline)
0.8986946166755434,0.6502999482334763,0.6163522012578616,0.5453946948865669,0.6341463414634146,0.5703520808785092,0.65,0.12175091905324174,0.18327791512023162,38,Logistic Regression (tuned)
0.930655907387123,0.7190257251518419,0.6867167919799498,0.6271838111893185,0.6613756613756614,0.6001279543796534,0.5499999999999999,0.07685897453419707,0.05615008274513128,38,Random Forest (baseline)
0.9312287083839978,0.7181652900935452,0.6867167919799498,0.6271838111893185,0.6613333333333333,0.6007673756109732,0.5499999999999999,0.076836753019452,0.05878973370717118,38,Random Forest (tuned)
0.9002170614303947,0.6527286228481488,0.6081632653061224,0.5370337414855587,0.6385809312638581,0.5699670396297961,0.5499999999999999,0.12650984836442672,0.1924534697747921,39,Logistic Regression (baseline)
0.900277356272171,0.6528414135934566,0.6069246435845214,0.5356159330278125,0.6385809312638581,0.5699670396297961,0.5499999999999999,0.1264603966443352,0.1922722210217561,39,Logistic Regression (tuned)
0.9267166443910723,0.7538200604250419,0.6826923076923077,0.6218231861436969,0.6826923076923077,0.6218231861436969,0.49999999999999994,0.07510725078453112,0.058267310118969406,39,Random Forest (baseline)
0.9267970375134407,0.7551169968398421,0.6958637469586375,0.6376849578851124,0.6958637469586375,0.6376849578851124,0.49999999999999994,0.07502679617447934,0.060059428256601766,39,Random Forest (tuned)
0.895508906494424,0.6831190328261704,0.5841784989858012,0.5077317871441205,0.6437346437346437,0.5754991418186332,0.6,0.12729928725851053,0.19373615306241926,40,Logistic Regression (baseline)
0.8955442297017713,0.6833207501008544,0.5841784989858012,0.5077317871441205,0.6437346437346437,0.5754991418186332,0.6,0.12725880383384594,0.19356290534102583,40,Logistic Regression (tuned)
0.915602765302518,0.6973107549613666,0.6603325415676959,0.5953072347551591,0.655,0.5894531498489969,0.5499999999999999,0.08380647307487021,0.0619286091599336,40,Random Forest (baseline)
0.9161376595852047,0.7009071296433945,0.6587112171837709,0.5933091783549511,0.654911838790932,0.5896088183839713,0.5499999999999999,0.08346265721478367,0.06160645619609158,40,Random Forest (tuned)
0.9068072866730584,0.623955185422772,0.6206896551724138,0.5499364440452484,0.6224489795918368,0.5515341202877826,0.6,0.11906954608962084,0.17973814379746866,41,Logistic Regression (baseline)
0.9068274713629711,0.6239628348133341,0.6206896551724138,0.5499364440452484,0.6224489795918368,0.5515341202877826,0.6,0.11900186869812436,0.1795576416395805,41,Logistic Regression (tuned)
0.9265479134076803,0.7321340081389363,0.6718346253229974,0.6109118727644357,0.6718346253229974,0.6109118727644357,0.49999999999999994,0.07678533986112168,0.05287056550935302,41,Random Forest (baseline)
0.9269415148609779,0.7307313842652808,0.6632390745501285,0.600433948759361,0.6632390745501285,0.600433948759361,0.49999999999999994,0.07681704408983374,0.05238209184440241,41,Random Forest (tuned)
0.9018651204389464,0.6565616287808863,0.6086956521739131,0.5365797371641509,0.6453333333333333,0.5818945410627431,0.7,0.12709658460725196,0.1963284908112365,42,Logistic Regression (baseline)
0.9019254152807227,0.6566573052688167,0.6086956521739131,0.5365797371641509,0.6453333333333333,0.5818945410627431,0.7,0.12702468662508917,0.19613420458179542,42,Logistic Regression (tuned)
0.9373335611138468,0.7790582954547428,0.698019801980198,0.6404215966898579,0.7058823529411765,0.650249808624179,0.44999999999999996,0.0711271386021554,0.06419745921957343,42,Random Forest (baseline)
0.9382781803016752,0.7827746216036953,0.6982543640897756,0.6408415270900791,0.7122641509433962,0.6579305377247238,0.44999999999999996,0.07104366280926287,0.06585946430277984,42,Random Forest (tuned)
0.9060606365125464,0.6822480817146107,0.6195426195426196,0.5500632786667293,0.6767676767676768,0.6155699163010626,0.6,0.1169817876481311,0.1830674142765305,43,Logistic Regression (baseline)
0.9060757102229904,0.6822452480690461,0.6208333333333333,0.5515418821186376,0.6767676767676768,0.6155699163010626,0.6,0.11692924130606848,0.1828903577555879,43,Logistic Regression (tuned)
0.9472219151651575,0.8043419878295821,0.7002518891687658,0.6434864845878515,0.7002518891687658,0.6434864845878515,0.49999999999999994,0.06599003898849312,0.05500513395366862,43,Random Forest (baseline)
0.9475133402337431,0.8072414917494406,0.7002518891687658,0.6434864845878515,0.7002518891687658,0.6434864845878515,0.49999999999999994,0.06555627475570358,0.05492794771509103,43,Random Forest (tuned)
0.9235310669172252,0.7059853090380184,0.6359832635983264,0.5704310919388617,0.6730769230769231,0.6102161588936544,0.6,0.1173785205906614,0.18884999982665204,44,Logistic Regression (baseline)
0.9235612143381134,0.7060582346309889,0.6359832635983264,0.5704310919388617,0.6746987951807228,0.612174156983581,0.6,0.11731355730196397,0.18869432735648237,44,Logistic Regression (tuned)
0.940755293384651,0.7676107282997932,0.6987341772151898,0.641840943885918,0.6894977168949772,0.6313876301818145,0.39999999999999997,0.06974250612632726,0.05105235423388158,44,Random Forest (baseline)
0.9406397282712464,0.7672226539029479,0.700507614213198,0.6440437777042056,0.700507614213198,0.6440437777042056,0.49999999999999994,0.07004454520495723,0.0517420228452445,44,Random Forest (tuned)
0.8949814593361537,0.5732141237338324,0.6008583690987125,0.5244755921082183,0.5925925925925926,0.5188880805472141,0.65,0.1262248355086807,0.1786601261673791,45,Logistic Regression (baseline)
0.895056827888374,0.5734638366937034,0.6008583690987125,0.5244755921082183,0.5925925925925926,0.5188880805472141,0.65,0.12616021416350506,0.17845502622533554,45,Logistic Regression (tuned)
0.9232145189978997,0.6896933010319494,0.6567164179104478,0.591097746962635,0.6567164179104478,0.591097746962635,0.49999999999999994,0.07914125946335183,0.05039249986046915,45,Random Forest (baseline)
0.9236818040216659,0.6904730468078862,0.6617283950617284,0.5968899721478672,0.6617283950617284,0.5968899721478672,0.49999999999999994,0.07899913836262938,0.05071291137532004,45,Random Forest (tuned)
0.9212247892192823,0.6555270029318052,0.6484210526315789,0.5856505535089568,0.6616541353383458,0.5972550364415988,0.6,0.11617591109402328,0.17993379660790493,46,Logistic Regression (baseline)
0.9212750349207625,0.65554020284892,0.6484210526315789,0.5856505535089568,0.6616541353383458,0.5972550364415988,0.6,0.11611411846196494,0.17978293374819104,46,Logistic Regression (tuned)
0.9359769271738803,0.7661624147209083,0.6921119592875318,0.6341483480000119,0.6935483870967742,0.6394738828841096,0.5499999999999999,0.06972841880138288,0.04873045827344413,46,Random Forest (baseline)
0.9364994824692747,0.7647569994946347,0.7058823529411765,0.6507390337046298,0.6935483870967742,0.6394738828841096,0.5499999999999999,0.0695727643479887,0.048378574128899725,46,Random Forest (tuned)
0.9085226758850781,0.723714908605629,0.6338329764453962,0.5659871331232904,0.6597938144329897,0.5963896450960806,0.65,0.11448895219043177,0.17791905274474376,47,Logistic Regression (baseline)
0.9085578478761142,0.7238230274626225,0.6338329764453962,0.5659871331232904,0.6520547945205479,0.5926467794665996,0.7,0.11443202846618582,0.17773592751176592,47,Logistic Regression (tuned)
0.9392278240596518,0.7855815789979854,0.7029702970297029,0.6463511591192234,0.7029702970297029,0.6463511591192234,0.49999999999999994,0.07049599155387487,0.05844261721351807,47,Random Forest (baseline)
0.9400317552833355,0.7843601193182413,0.7061728395061728,0.6501573187953797,0.7076923076923077,0.6530003057041669,0.5499999999999999,0.0703925720707271,0.058553198858523704,47,Random Forest (tuned)
0.8993779582156747,0.6498996107564806,0.5986984815618221,0.5212913599534182,0.6541554959785523,0.5928032995834781,0.65,0.11578944939493588,0.17363411637597512,48,Logistic Regression (baseline)
0.8994181547768588,0.6500065821524263,0.6,0.522829204947039,0.6577540106951871,0.5967912496338676,0.65,0.11574495049774919,0.17349437308485832,48,Logistic Regression (tuned)
0.9374390770869552,0.7831795038389848,0.732824427480916,0.6825987631989345,0.72,0.6699677689544833,0.5499999999999999,0.06771477788790543,0.05085197674091344,48,Random Forest (baseline)
0.9382480328807871,0.7845502041730645,0.7272727272727273,0.6757758152912194,0.7272727272727273,0.6757758152912194,0.49999999999999994,0.06755309397376867,0.05149586130331434,48,Random Forest (tuned)
0.8782697390238265,0.5948930892374781,0.5787234042553191,0.497044641402459,0.5891472868217055,0.5127435617869902,0.6,0.12804893916623886,0.17771275700733752,49,Logistic Regression (baseline)
0.8783099355850108,0.5949523023081602,0.5787234042553191,0.497044641402459,0.5912596401028277,0.5148538558916862,0.6,0.1279960892586932,0.17751555023737609,49,Logistic Regression (tuned)
0.9181397031483955,0.7002463888534115,0.65625,0.5928627416408032,0.6372093023255814,0.5669199711840855,0.39999999999999997,0.07863887221008632,0.04589642434873647,49,Random Forest (baseline)
0.9179537940529189,0.7043094994815403,0.6511627906976745,0.5863094301441486,0.6421568627450981,0.5732300488689556,0.44999999999999996,0.0785957699856978,0.04613733691965354,49,Random Forest (tuned)
