Model,Metric,Mean,Std,N_folds,CI95_normal_low,CI95_normal_high,CI95_bootstrap_low,CI95_bootstrap_high
Logistic Regression (baseline),ROC_AUC,0.9041,0.0111,50,0.901,0.9072,0.9011,0.9072
Logistic Regression (baseline),PR_AUC,0.6538,0.0365,50,0.6437,0.664,0.6438,0.6635
Logistic Regression (baseline),F1_default,0.6159,0.0231,50,0.6095,0.6223,0.6097,0.6222
Logistic Regression (baseline),MCC_default,0.5445,0.0288,50,0.5365,0.5525,0.5367,0.5523
Logistic Regression (baseline),F1_tuned,0.6372,0.0265,50,0.6298,0.6445,0.6295,0.644
Logistic Regression (baseline),MCC_tuned,0.5695,0.0315,50,0.5608,0.5782,0.5608,0.5782
Logistic Regression (baseline),Brier,0.1207,0.0057,50,0.1191,0.1223,0.1193,0.1222
Logistic Regression (baseline),ECE,0.183,0.0074,50,0.1809,0.185,0.1809,0.1851
Logistic Regression (tuned),ROC_AUC,0.9041,0.0111,50,0.901,0.9072,0.901,0.9073
Logistic Regression (tuned),PR_AUC,0.654,0.0365,50,0.6438,0.6641,0.6445,0.6641
Logistic Regression (tuned),F1_default,0.616,0.0232,50,0.6096,0.6224,0.6097,0.6225
Logistic Regression (tuned),MCC_default,0.5447,0.0289,50,0.5367,0.5527,0.5368,0.5524
Logistic Regression (tuned),F1_tuned,0.6385,0.028,50,0.6307,0.6463,0.6308,0.6465
Logistic Regression (tuned),MCC_tuned,0.5711,0.033,50,0.562,0.5803,0.5623,0.58
Logistic Regression (tuned),Brier,0.1207,0.0057,50,0.1191,0.1223,0.1191,0.1223
Logistic Regression (tuned),ECE,0.1828,0.0074,50,0.1807,0.1848,0.1807,0.1847
Random Forest (baseline),ROC_AUC,0.9328,0.0098,50,0.9301,0.9355,0.93,0.9356
Random Forest (baseline),PR_AUC,0.7511,0.0297,50,0.7429,0.7594,0.7427,0.759
Random Forest (baseline),F1_default,0.6854,0.0224,50,0.6792,0.6917,0.6791,0.6916
Random Forest (baseline),MCC_default,0.626,0.0268,50,0.6186,0.6334,0.6186,0.6331
Random Forest (baseline),F1_tuned,0.6828,0.0245,50,0.6761,0.6896,0.676,0.6892
Random Forest (baseline),MCC_tuned,0.6237,0.0291,50,0.6156,0.6318,0.6157,0.6317
Random Forest (baseline),Brier,0.0733,0.0048,50,0.0719,0.0746,0.0719,0.0747
Random Forest (baseline),ECE,0.054,0.0061,50,0.0523,0.0556,0.0524,0.0556
Random Forest (tuned),ROC_AUC,0.933,0.0097,50,0.9303,0.9357,0.9304,0.9359
Random Forest (tuned),PR_AUC,0.7517,0.0296,50,0.7435,0.76,0.7439,0.7591
Random Forest (tuned),F1_default,0.6856,0.0221,50,0.6795,0.6917,0.68,0.6919
Random Forest (tuned),MCC_default,0.6262,0.0264,50,0.6189,0.6335,0.6189,0.6337
Random Forest (tuned),F1_tuned,0.6837,0.0247,50,0.6768,0.6906,0.6772,0.6904
Random Forest (tuned),MCC_tuned,0.6249,0.0292,50,0.6168,0.633,0.6172,0.6327
Random Forest (tuned),Brier,0.0732,0.0048,50,0.0719,0.0745,0.0719,0.0745
Random Forest (tuned),ECE,0.0542,0.0062,50,0.0525,0.0559,0.0524,0.0559
