Feature,Reference_Mean_abs_SHAP,Reference_Rank,Bootstrap_Mean_abs_SHAP,Bootstrap_Std_abs_SHAP,Bootstrap_CV
PageValues,0.23053248042184693,1.0,0.22591617348351772,0.004884011923439475,0.02161869089808296
ExitRates,0.03908911355843409,2.0,0.038646439191065224,0.0031474013386158513,0.08144091420619333
Month_Nov,0.03843760355968442,3.0,0.03549546139500367,0.0028744135900828226,0.08097975000281148
BounceRates,0.026338887368918342,4.0,0.028394762391326975,0.0023089280671653874,0.08131528044726029
ProductRelated_Duration,0.023068582583058786,5.0,0.02422303620660154,0.0016261379175305719,0.06713187824985647
ProductRelated,0.01703977726786574,6.0,0.018560902772483238,0.00130208085170899,0.07015180606242864
Month_May,0.01605708834219248,7.0,0.014025115013803716,0.0014785327922546153,0.105420368438619
Administrative,0.01559771396904595,8.0,0.014788563678863232,0.0012062960451192717,0.08156952028828994
Administrative_Duration,0.014134721103022474,9.0,0.014894539515423355,0.0014910058855324925,0.10010419482176308
VisitorType_Returning_Visitor,0.01245739749480684,10.0,0.010703871495387476,0.0019580361477457495,0.1829278451639279
TrafficType_2,0.012031490123752528,11.0,0.01176119462758298,0.002154944308706154,0.1832249509304981
Month_Mar,0.009241835158466789,12.0,0.008436505137724416,0.0010082000428770265,0.11950446616209427
Informational,0.005999428381669183,13.0,0.006313117591494018,0.0010374464169281422,0.16433186959191354
TrafficType_3,0.005338145539767627,14.0,0.0053313507009068286,0.0010780066935529922,0.20220142208379363
Informational_Duration,0.005274770476254467,15.0,0.005950977320678902,0.0009061340769238037,0.15226643086385735
SpecialDay,0.004558090131633632,16.0,0.0045558306076831,0.0007652090160876732,0.16796256968580817
OperatingSystems_3,0.0037474903352443605,17.0,0.0034920777678153214,0.0009019551118395148,0.2582860897011182
TrafficType_8,0.0032534403461647477,18.0,0.0031412149393199263,0.0007990233900483326,0.2543676269306658
OperatingSystems_2,0.0032245454778777128,19.0,0.00387394296611784,0.001022512976286198,0.26394631644433675
Weekend,0.003095714360715036,20.0,0.0033549586489914937,0.0006169329647576369,0.18388690565804772
Month_Sep,0.0029123610459020383,21.0,0.0029501581970428833,0.0007267408296540404,0.24633961329129933
Month_Dec,0.002694857744033229,22.0,0.002795493920091929,0.0006937052775249589,0.2481512380660071
Browser_2,0.002665402604166743,23.0,0.0029965357326880086,0.0005126528351259264,0.1710818360557226
TrafficType_13,0.002269550356015433,24.0,0.0020943002196874747,0.0006451766953760574,0.3080631367952928
Month_Oct,0.002144329678769238,25.0,0.0023153279870231818,0.0006136782874244385,0.2650502609560707
Region_3,0.001565887633551985,26.0,0.001973570673544488,0.00028676662694208135,0.14530344955002375
TrafficType_5,0.0015599585127378257,27.0,0.0013098429368708319,0.0004649570885525486,0.3549716344681316
Region_2,0.0014570860553599068,28.0,0.0016560961021254291,0.0005493781990761269,0.33173086878190555
Browser_4,0.001387987628640887,29.0,0.0015382022471536624,0.00038912884232379804,0.2529763838213589
Region_4,0.0011490061491764086,30.0,0.0016463392897764519,0.0003251878937919711,0.19752179615333418
TrafficType_4,0.0010858290169003864,31.0,0.0012530795250395201,0.0003635320280144845,0.29011089915694566
Month_Jul,0.0009428335193733564,32.0,0.0010899195807926219,0.00042324091568331283,0.3883230678241384
TrafficType_10,0.0008947901700507494,33.0,0.0011471860271478746,0.0004510985701429724,0.393221813267085
Browser_5,0.0008839770318433705,34.0,0.0009741678293141002,0.000536771781215655,0.5510054474315622
TrafficType_11,0.0008455144860142714,35.0,0.0009167528893155996,0.00037098589036855785,0.4046738159078429
Region_9,0.0007601136112067976,36.0,0.0008821373270593486,0.0002728244433365382,0.30927661108813553
Region_7,0.000647665791503321,37.0,0.0009292713852613058,0.00018419765614785744,0.19821729031056393
Browser_10,0.00064460172330256,38.0,0.0007656629490738115,0.00035195874080895355,0.45967842740075643
TrafficType_20,0.0005839026917201481,39.0,0.000805589010300495,0.0003478780033799395,0.4318306214459727
Region_6,0.0005797969730782399,40.0,0.0008515299447800381,0.00020534184982653675,0.24114460195341078
Region_8,0.0005282642935046212,41.0,0.000625116585737116,0.00025219891014011564,0.40344299845970066
Month_Feb,0.0004840351955430794,42.0,0.0005741521800724356,0.00015885889703400586,0.27668430473830086
OperatingSystems_4,0.0004505700443279709,43.0,0.000564197350600887,0.00016281291495178336,0.2885744048422212
TrafficType_6,0.0004477302060343095,44.0,0.0006749100969786763,0.00028689337276212605,0.42508383504908
Month_June,0.0003217129824708014,45.0,0.00045055224677824287,0.00019128644124701314,0.42455995323579504
Region_5,0.00020520025920922147,46.0,0.0003437158983591818,8.574906387126359e-05,0.2494765707118371
Browser_8,0.0001517180386779696,47.0,0.0002185332177630902,0.00012033790655061033,0.5506618500918504
OperatingSystems_8,0.0001512325268962445,48.0,0.0001604542050337762,0.00010041514936922034,0.6258181187726708
Browser_6,0.00013635175647672278,49.0,0.00021142732630579066,9.409968027115966e-05,0.44506867428287455
Browser_3,0.00011323079969052391,50.0,0.00014325317274813882,7.677783121630488e-05,0.5359590242048818
Browser_13,9.673492170102632e-05,51.0,0.00011646536718382239,5.756183124163073e-05,0.4942398941355543
TrafficType_7,5.774018414104102e-05,52.0,7.165013993376245e-05,5.8081867902293024e-05,0.8106315932579572
VisitorType_Other,5.2774558399275e-05,53.0,9.462849942859114e-05,7.624214046826939e-05,0.8056995527029774
Browser_12,4.668562319019101e-05,54.0,7.423303085857693e-05,0.00011696887992550771,1.575698540083178
Browser_7,3.6794713402350636e-05,55.0,7.419035157562311e-05,4.402598805137142e-05,0.5934193129287963
TrafficType_9,1.3059023374989998e-05,56.0,3.6193284629223386e-05,2.6869561309292686e-05,0.7423907733758637
TrafficType_15,1.3045357140570845e-05,57.0,1.3965458447086777e-05,1.0571122978837804e-05,0.7569477408810179
TrafficType_14,6.714704391392379e-06,58.0,1.8424146684163973e-05,3.122215762019853e-05,1.6946324006637645
OperatingSystems_7,5.974091897690688e-06,59.0,1.521315956653978e-05,3.431883341232923e-05,2.2558647995743217
OperatingSystems_6,4.715911959065023e-06,60.0,1.1210592909020631e-05,1.2351963104405478e-05,1.1018116617770306
TrafficType_19,2.5837304753613955e-06,61.0,9.936914715663783e-06,1.641258569770953e-05,1.651678062624402
TrafficType_16,1.1182689939691849e-06,62.0,1.3041104748397177e-05,3.5997306813623594e-05,2.7602955997843863
TrafficType_18,2.3680874830682831e-07,63.0,1.2434089265897103e-06,1.5110934733421913e-06,1.2152818157778862
OperatingSystems_5,0.0,66.0,8.752600323975291e-06,1.5227305658131948e-05,1.7397462873604246
TrafficType_17,0.0,66.0,0.0,0.0,0.0
TrafficType_12,0.0,66.0,4.320397598045574e-09,2.3266053097823463e-08,5.383918644363095
Browser_11,0.0,66.0,1.0463210220851531e-05,2.163962887004589e-05,2.0681632448479603
Browser_9,0.0,66.0,1.4963143149190088e-07,5.808542684893913e-07,3.8818741545400273
